id,name,description,price,cost,image,category,additional_categories,popular,available,has_variations,variation_groups,price_from,tipo,permite_combinacao,max_sabores,is_half_pizza,combination,pizza_borders,borders_position,frete_gratis,created_at,updated_at
13FDsPDQE5yjAvgPCzd0,Romanesca,"Mussarela, tomate, aliche e cebola	",70,42,https://xiahufkvflyuvzhuhwpm.supabase.co/storage/v1/object/public/imagens-cardapio/Romanesca-otimizada-31052026113811.webp,grandes-salgadas,[],false,true,true,"[{""id"":""65200a28-fd77-47d6-8d1a-765523d1602b"",""name"":""Adicionais"",""maxAllowed"":10,""variations"":[""f78ebbee-55a3-4455-ae8b-6f67a65415a1"",""579a739b-3dd7-43a1-95bf-4417e13aa85f"",""62412b08-cef0-4c91-bd3d-3f8fe660262b"",""e89d4ef3-40ff-4078-b8f3-f5d37dfed0dd"",""f8fafdb1-96ab-449a-b35e-0124f50a90eb"",""7888ee6b-9c65-4f96-bfc5-771adcdd30b0"",""8b6d8cc8-e5dc-4afc-97e2-91884b35811a"",""91f8df10-9f26-43ef-9b14-fc0e1b2d1bf9"",""d7bd9e30-9304-448e-81df-2dfeaf927cb8"",""3d9f4a17-a09f-4f8b-a6a0-f487bffc51f9"",""c3fd2e01-9e89-4c78-be81-e7d2170cc7f4"",""c8f0326f-79a3-421d-84b4-d0088e689b7d"",""7dd29981-e50f-409a-8fd5-68a29d5ef0d8"",""00c1e06d-5e66-45a2-a322-900b743b58fc"",""05ecdd1e-e2d4-4f42-b27a-7f8fb48f71fd"",""dd8d0bb6-cb73-4028-99f3-66440db3460f"",""ef119b22-adeb-4919-a8f2-2030052341c4"",""11d6bf6e-7ca4-4ed3-ad14-15304649f97f"",""642e36c0-d22a-4adb-ad46-2b041cd5c4fc"",""3bfd146f-f42a-4d23-aef8-1d5b0932f469"",""1410a2b0-1313-40e3-a5eb-32f62a35b7ab""],""minRequired"":0,""allowPerHalf"":true,""internalName"":""Adicionais Pizzas Grandes Salgadas"",""customMessage"":""Turbine sua pizza com esses adicionais"",""applyToHalfPizza"":true}]",false,pizza,true,2,false,,"[{""id"":""429ed7dc-d200-4a74-a464-462bb2139ade"",""name"":""🍯 Doce de Leite"",""available"":true,""description"":"""",""additionalPrice"":15},{""id"":""5afc6eb7-e4c0-4f09-8fe0-70b203810677"",""name"":""🧀 Cheddar"",""available"":true,""description"":"""",""additionalPrice"":15},{""id"":""880cbc22-7f38-4c19-b43c-ef3cdb169b7d"",""name"":""🧀 Catupiry"",""available"":true,""description"":"""",""additionalPrice"":15},{""id"":""139807d7-f35f-43fb-a346-7f79cf615466"",""name"":""🤎 Chocolate"",""available"":true,""description"":"""",""additionalPrice"":15}]",0,false,2026-05-29 02:17:52.336267+00,2026-05-31 14:38:13.417101+00
1a6mFIY5SCdrXNynFJcz,Namorados	,"Mussarela, palmito e catupiry	",55,33,https://xiahufkvflyuvzhuhwpm.supabase.co/storage/v1/object/public/imagens-cardapio/Namorados-otimizada-31052026113507.webp,grandes-salgadas,[],false,true,true,"[{""id"":""65200a28-fd77-47d6-8d1a-765523d1602b"",""name"":""Adicionais"",""maxAllowed"":10,""variations"":[""f78ebbee-55a3-4455-ae8b-6f67a65415a1"",""579a739b-3dd7-43a1-95bf-4417e13aa85f"",""62412b08-cef0-4c91-bd3d-3f8fe660262b"",""e89d4ef3-40ff-4078-b8f3-f5d37dfed0dd"",""f8fafdb1-96ab-449a-b35e-0124f50a90eb"",""7888ee6b-9c65-4f96-bfc5-771adcdd30b0"",""8b6d8cc8-e5dc-4afc-97e2-91884b35811a"",""91f8df10-9f26-43ef-9b14-fc0e1b2d1bf9"",""d7bd9e30-9304-448e-81df-2dfeaf927cb8"",""3d9f4a17-a09f-4f8b-a6a0-f487bffc51f9"",""c3fd2e01-9e89-4c78-be81-e7d2170cc7f4"",""c8f0326f-79a3-421d-84b4-d0088e689b7d"",""7dd29981-e50f-409a-8fd5-68a29d5ef0d8"",""00c1e06d-5e66-45a2-a322-900b743b58fc"",""05ecdd1e-e2d4-4f42-b27a-7f8fb48f71fd"",""dd8d0bb6-cb73-4028-99f3-66440db3460f"",""ef119b22-adeb-4919-a8f2-2030052341c4"",""11d6bf6e-7ca4-4ed3-ad14-15304649f97f"",""642e36c0-d22a-4adb-ad46-2b041cd5c4fc"",""3bfd146f-f42a-4d23-aef8-1d5b0932f469"",""1410a2b0-1313-40e3-a5eb-32f62a35b7ab""],""minRequired"":0,""allowPerHalf"":true,""internalName"":""Adicionais Pizzas Grandes Salgadas"",""customMessage"":""Turbine sua pizza com esses adicionais"",""applyToHalfPizza"":true}]",false,pizza,true,2,false,,"[{""id"":""429ed7dc-d200-4a74-a464-462bb2139ade"",""name"":""🍯 Doce de Leite"",""available"":true,""description"":"""",""additionalPrice"":15},{""id"":""5afc6eb7-e4c0-4f09-8fe0-70b203810677"",""name"":""🧀 Cheddar"",""available"":true,""description"":"""",""additionalPrice"":15},{""id"":""880cbc22-7f38-4c19-b43c-ef3cdb169b7d"",""name"":""🧀 Catupiry"",""available"":true,""description"":"""",""additionalPrice"":15},{""id"":""139807d7-f35f-43fb-a346-7f79cf615466"",""name"":""🤎 Chocolate"",""available"":true,""description"":"""",""additionalPrice"":15}]",0,false,2026-05-29 02:17:52.336267+00,2026-05-31 14:35:08.934412+00
1GiBiAn2JSK4vmo4DRYh,Esfiha Frango c/ Queijo e Milho	,Frango com Queijo e Milho,8,4.8,https://ugxpfpbwyzefkyhpxqra.supabase.co/storage/v1/object/public/imagens-cardapio/Frango_com_Queijo_e_Milho-otimizada-06052026202725.webp,esfihas,[],false,true,false,[],false,padrao,false,2,false,,[],,false,2026-05-29 02:17:52.336267+00,2026-05-29 02:17:52.336267+00
1nNOHE7ml5l87gHVt1lf,Sensação,"Chocolate, morango e granulado	",53,31.8,https://aealgiyzbenbhhftwkxb.supabase.co/storage/v1/object/public/imagens-cardapio/moliixzewnh_1777645253776.webp,grandes-doces,[],false,true,true,"[{""id"":""65200a28-fd77-47d6-8d1a-765523d1602b"",""name"":""Adicionais"",""maxAllowed"":10,""variations"":[""f78ebbee-55a3-4455-ae8b-6f67a65415a1"",""579a739b-3dd7-43a1-95bf-4417e13aa85f"",""62412b08-cef0-4c91-bd3d-3f8fe660262b"",""e89d4ef3-40ff-4078-b8f3-f5d37dfed0dd"",""f8fafdb1-96ab-449a-b35e-0124f50a90eb"",""7888ee6b-9c65-4f96-bfc5-771adcdd30b0"",""8b6d8cc8-e5dc-4afc-97e2-91884b35811a"",""91f8df10-9f26-43ef-9b14-fc0e1b2d1bf9"",""d7bd9e30-9304-448e-81df-2dfeaf927cb8"",""3d9f4a17-a09f-4f8b-a6a0-f487bffc51f9"",""c3fd2e01-9e89-4c78-be81-e7d2170cc7f4"",""c8f0326f-79a3-421d-84b4-d0088e689b7d"",""7dd29981-e50f-409a-8fd5-68a29d5ef0d8"",""00c1e06d-5e66-45a2-a322-900b743b58fc"",""05ecdd1e-e2d4-4f42-b27a-7f8fb48f71fd"",""dd8d0bb6-cb73-4028-99f3-66440db3460f"",""ef119b22-adeb-4919-a8f2-2030052341c4"",""11d6bf6e-7ca4-4ed3-ad14-15304649f97f"",""642e36c0-d22a-4adb-ad46-2b041cd5c4fc"",""3bfd146f-f42a-4d23-aef8-1d5b0932f469"",""1410a2b0-1313-40e3-a5eb-32f62a35b7ab""],""minRequired"":0,""allowPerHalf"":true,""internalName"":""Adicionais Pizzas Grandes Salgadas"",""customMessage"":""Turbine sua pizza com esses adicionais"",""applyToHalfPizza"":true}]",false,pizza,true,2,false,,"[{""id"":""429ed7dc-d200-4a74-a464-462bb2139ade"",""name"":""🍯 Doce de Leite"",""available"":true,""description"":"""",""additionalPrice"":15},{""id"":""5afc6eb7-e4c0-4f09-8fe0-70b203810677"",""name"":""🧀 Cheddar"",""available"":true,""description"":"""",""additionalPrice"":15},{""id"":""880cbc22-7f38-4c19-b43c-ef3cdb169b7d"",""name"":""🧀 Catupiry"",""available"":true,""description"":"""",""additionalPrice"":15},{""id"":""139807d7-f35f-43fb-a346-7f79cf615466"",""name"":""🤎 Chocolate"",""available"":true,""description"":"""",""additionalPrice"":15}]",0,false,2026-05-29 02:17:52.336267+00,2026-06-13 21:16:39.887267+00
1VR2MNHDz8eHhN2CZQIV,Quatro Queijos 2,"Muçarela, Catupiry. Parmesão e Gorgonzola",40.5,24.3,https://ugxpfpbwyzefkyhpxqra.supabase.co/storage/v1/object/public/imagens-cardapio/Quatro_Queijos-otimizada-06052026124345.webp,brotos-salgados,[],false,true,false,[],false,pizza,false,2,false,,[],,false,2026-05-29 02:17:52.336267+00,2026-05-29 02:17:52.336267+00
24XUXI548SnrqXXE7prQ,Maçã Verde	,"Maçã verde, chocolate branco e canela	",51,30.6,https://aealgiyzbenbhhftwkxb.supabase.co/storage/v1/object/public/imagens-cardapio/m1qqiwsownc_1777645176535.webp,grandes-doces,[],false,true,true,"[{""id"":""65200a28-fd77-47d6-8d1a-765523d1602b"",""name"":""Adicionais"",""maxAllowed"":10,""variations"":[""f78ebbee-55a3-4455-ae8b-6f67a65415a1"",""579a739b-3dd7-43a1-95bf-4417e13aa85f"",""62412b08-cef0-4c91-bd3d-3f8fe660262b"",""e89d4ef3-40ff-4078-b8f3-f5d37dfed0dd"",""f8fafdb1-96ab-449a-b35e-0124f50a90eb"",""7888ee6b-9c65-4f96-bfc5-771adcdd30b0"",""8b6d8cc8-e5dc-4afc-97e2-91884b35811a"",""91f8df10-9f26-43ef-9b14-fc0e1b2d1bf9"",""d7bd9e30-9304-448e-81df-2dfeaf927cb8"",""3d9f4a17-a09f-4f8b-a6a0-f487bffc51f9"",""c3fd2e01-9e89-4c78-be81-e7d2170cc7f4"",""c8f0326f-79a3-421d-84b4-d0088e689b7d"",""7dd29981-e50f-409a-8fd5-68a29d5ef0d8"",""00c1e06d-5e66-45a2-a322-900b743b58fc"",""05ecdd1e-e2d4-4f42-b27a-7f8fb48f71fd"",""dd8d0bb6-cb73-4028-99f3-66440db3460f"",""ef119b22-adeb-4919-a8f2-2030052341c4"",""11d6bf6e-7ca4-4ed3-ad14-15304649f97f"",""642e36c0-d22a-4adb-ad46-2b041cd5c4fc"",""3bfd146f-f42a-4d23-aef8-1d5b0932f469"",""1410a2b0-1313-40e3-a5eb-32f62a35b7ab""],""minRequired"":0,""allowPerHalf"":true,""internalName"":""Adicionais Pizzas Grandes Salgadas"",""customMessage"":""Turbine sua pizza com esses adicionais"",""applyToHalfPizza"":true}]",false,pizza,true,2,false,,"[{""id"":""429ed7dc-d200-4a74-a464-462bb2139ade"",""name"":""🍯 Doce de Leite"",""available"":true,""description"":"""",""additionalPrice"":15},{""id"":""5afc6eb7-e4c0-4f09-8fe0-70b203810677"",""name"":""🧀 Cheddar"",""available"":true,""description"":"""",""additionalPrice"":15},{""id"":""880cbc22-7f38-4c19-b43c-ef3cdb169b7d"",""name"":""🧀 Catupiry"",""available"":true,""description"":"""",""additionalPrice"":15},{""id"":""139807d7-f35f-43fb-a346-7f79cf615466"",""name"":""🤎 Chocolate"",""available"":true,""description"":"""",""additionalPrice"":15}]",0,false,2026-05-29 02:17:52.336267+00,2026-06-13 21:16:39.887267+00
2iM3O815rlPEA5ScYrKa,Baiacatu,"Calabresa Moída, catupiry e cebola",40.5,24.3,https://ugxpfpbwyzefkyhpxqra.supabase.co/storage/v1/object/public/imagens-cardapio/Baiacatu-otimizada-06052026121615.webp,brotos-salgados,[],false,true,false,[],false,pizza,false,2,false,,[],,false,2026-05-29 02:17:52.336267+00,2026-05-29 02:17:52.336267+00
391AKfp5PehD5FZ0JpJR,Frango Especial 2	,"Frango, cheddar, mussarela e bacon	",63,37.8,https://xiahufkvflyuvzhuhwpm.supabase.co/storage/v1/object/public/imagens-cardapio/Frango_Especial_2-otimizada-31052026113147.webp,grandes-salgadas,[],false,true,true,"[{""id"":""65200a28-fd77-47d6-8d1a-765523d1602b"",""name"":""Adicionais"",""maxAllowed"":10,""variations"":[""f78ebbee-55a3-4455-ae8b-6f67a65415a1"",""579a739b-3dd7-43a1-95bf-4417e13aa85f"",""62412b08-cef0-4c91-bd3d-3f8fe660262b"",""e89d4ef3-40ff-4078-b8f3-f5d37dfed0dd"",""f8fafdb1-96ab-449a-b35e-0124f50a90eb"",""7888ee6b-9c65-4f96-bfc5-771adcdd30b0"",""8b6d8cc8-e5dc-4afc-97e2-91884b35811a"",""91f8df10-9f26-43ef-9b14-fc0e1b2d1bf9"",""d7bd9e30-9304-448e-81df-2dfeaf927cb8"",""3d9f4a17-a09f-4f8b-a6a0-f487bffc51f9"",""c3fd2e01-9e89-4c78-be81-e7d2170cc7f4"",""c8f0326f-79a3-421d-84b4-d0088e689b7d"",""7dd29981-e50f-409a-8fd5-68a29d5ef0d8"",""00c1e06d-5e66-45a2-a322-900b743b58fc"",""05ecdd1e-e2d4-4f42-b27a-7f8fb48f71fd"",""dd8d0bb6-cb73-4028-99f3-66440db3460f"",""ef119b22-adeb-4919-a8f2-2030052341c4"",""11d6bf6e-7ca4-4ed3-ad14-15304649f97f"",""642e36c0-d22a-4adb-ad46-2b041cd5c4fc"",""3bfd146f-f42a-4d23-aef8-1d5b0932f469"",""1410a2b0-1313-40e3-a5eb-32f62a35b7ab""],""minRequired"":0,""allowPerHalf"":true,""internalName"":""Adicionais Pizzas Grandes Salgadas"",""customMessage"":""Turbine sua pizza com esses adicionais"",""applyToHalfPizza"":true}]",false,pizza,true,2,false,,"[{""id"":""429ed7dc-d200-4a74-a464-462bb2139ade"",""name"":""🍯 Doce de Leite"",""available"":true,""description"":"""",""additionalPrice"":15},{""id"":""5afc6eb7-e4c0-4f09-8fe0-70b203810677"",""name"":""🧀 Cheddar"",""available"":true,""description"":"""",""additionalPrice"":15},{""id"":""880cbc22-7f38-4c19-b43c-ef3cdb169b7d"",""name"":""🧀 Catupiry"",""available"":true,""description"":"""",""additionalPrice"":15},{""id"":""139807d7-f35f-43fb-a346-7f79cf615466"",""name"":""🤎 Chocolate"",""available"":true,""description"":"""",""additionalPrice"":15}]",0,false,2026-05-29 02:17:52.336267+00,2026-05-31 14:31:49.394874+00
3h9iKVPsDJSIUJhmTc7m,Toscana,"Mussarela, calabresa moída e cebola	",40.5,24.3,https://ugxpfpbwyzefkyhpxqra.supabase.co/storage/v1/object/public/imagens-cardapio/Toscana-otimizada-06052026124815.webp,brotos-salgados,[],false,true,false,[],false,pizza,false,2,false,,[],,false,2026-05-29 02:17:52.336267+00,2026-05-29 02:17:52.336267+00
3n1utSWVJgtff3TQKtYl,Esfiha Carne com Queijo	,Carne com Queijo,8,4.8,https://ugxpfpbwyzefkyhpxqra.supabase.co/storage/v1/object/public/imagens-cardapio/Carne_com_Queijo-otimizada-06052026201849.webp,esfihas,[],false,true,false,[],false,padrao,false,2,false,,[],,false,2026-05-29 02:17:52.336267+00,2026-05-29 02:17:52.336267+00
3sazHSUNl9DCuvXEpzZp,Esfiha de Nutella com Banana,Nutella com Banana,12,7.2,https://ugxpfpbwyzefkyhpxqra.supabase.co/storage/v1/object/public/imagens-cardapio/Esfiha_de_Nutella_com_Banana__Oliveira_-otimizada-06052026203117.webp,esfihas-doces,[],false,true,false,[],false,padrao,false,2,false,,[],,false,2026-05-29 02:17:52.336267+00,2026-05-29 02:17:52.336267+00
44QlyTVfbwIxmtzUPaF2,"Carne Seca 1 ","Carne seca, mussarela, cebola e provolone",70,42,https://xiahufkvflyuvzhuhwpm.supabase.co/storage/v1/object/public/imagens-cardapio/Carne_Seca_1-otimizada-31052026112826.webp,grandes-salgadas,[],false,true,true,"[{""id"":""65200a28-fd77-47d6-8d1a-765523d1602b"",""name"":""Adicionais"",""maxAllowed"":10,""variations"":[""f78ebbee-55a3-4455-ae8b-6f67a65415a1"",""579a739b-3dd7-43a1-95bf-4417e13aa85f"",""62412b08-cef0-4c91-bd3d-3f8fe660262b"",""e89d4ef3-40ff-4078-b8f3-f5d37dfed0dd"",""f8fafdb1-96ab-449a-b35e-0124f50a90eb"",""7888ee6b-9c65-4f96-bfc5-771adcdd30b0"",""8b6d8cc8-e5dc-4afc-97e2-91884b35811a"",""91f8df10-9f26-43ef-9b14-fc0e1b2d1bf9"",""d7bd9e30-9304-448e-81df-2dfeaf927cb8"",""3d9f4a17-a09f-4f8b-a6a0-f487bffc51f9"",""c3fd2e01-9e89-4c78-be81-e7d2170cc7f4"",""c8f0326f-79a3-421d-84b4-d0088e689b7d"",""7dd29981-e50f-409a-8fd5-68a29d5ef0d8"",""00c1e06d-5e66-45a2-a322-900b743b58fc"",""05ecdd1e-e2d4-4f42-b27a-7f8fb48f71fd"",""dd8d0bb6-cb73-4028-99f3-66440db3460f"",""ef119b22-adeb-4919-a8f2-2030052341c4"",""11d6bf6e-7ca4-4ed3-ad14-15304649f97f"",""642e36c0-d22a-4adb-ad46-2b041cd5c4fc"",""3bfd146f-f42a-4d23-aef8-1d5b0932f469"",""1410a2b0-1313-40e3-a5eb-32f62a35b7ab""],""minRequired"":0,""allowPerHalf"":true,""internalName"":""Adicionais Pizzas Grandes Salgadas"",""customMessage"":""Turbine sua pizza com esses adicionais"",""applyToHalfPizza"":true}]",false,pizza,true,2,false,,"[{""id"":""429ed7dc-d200-4a74-a464-462bb2139ade"",""name"":""🍯 Doce de Leite"",""available"":true,""description"":"""",""additionalPrice"":15},{""id"":""5afc6eb7-e4c0-4f09-8fe0-70b203810677"",""name"":""🧀 Cheddar"",""available"":true,""description"":"""",""additionalPrice"":15},{""id"":""880cbc22-7f38-4c19-b43c-ef3cdb169b7d"",""name"":""🧀 Catupiry"",""available"":true,""description"":"""",""additionalPrice"":15},{""id"":""139807d7-f35f-43fb-a346-7f79cf615466"",""name"":""🤎 Chocolate"",""available"":true,""description"":"""",""additionalPrice"":15}]",0,false,2026-05-29 02:17:52.336267+00,2026-05-31 14:28:30.74864+00
44v8UZF4LprKtxIyZi61,Quatro Queijos 2,"Muçarela, Catupiry. Parmesão e Gorgonzola",55,33,https://xiahufkvflyuvzhuhwpm.supabase.co/storage/v1/object/public/imagens-cardapio/Quatro_Queijos_2-otimizada-31052026113744.webp,grandes-salgadas,[],false,true,true,"[{""id"":""65200a28-fd77-47d6-8d1a-765523d1602b"",""name"":""Adicionais"",""maxAllowed"":10,""variations"":[""f78ebbee-55a3-4455-ae8b-6f67a65415a1"",""579a739b-3dd7-43a1-95bf-4417e13aa85f"",""62412b08-cef0-4c91-bd3d-3f8fe660262b"",""e89d4ef3-40ff-4078-b8f3-f5d37dfed0dd"",""f8fafdb1-96ab-449a-b35e-0124f50a90eb"",""7888ee6b-9c65-4f96-bfc5-771adcdd30b0"",""8b6d8cc8-e5dc-4afc-97e2-91884b35811a"",""91f8df10-9f26-43ef-9b14-fc0e1b2d1bf9"",""d7bd9e30-9304-448e-81df-2dfeaf927cb8"",""3d9f4a17-a09f-4f8b-a6a0-f487bffc51f9"",""c3fd2e01-9e89-4c78-be81-e7d2170cc7f4"",""c8f0326f-79a3-421d-84b4-d0088e689b7d"",""7dd29981-e50f-409a-8fd5-68a29d5ef0d8"",""00c1e06d-5e66-45a2-a322-900b743b58fc"",""05ecdd1e-e2d4-4f42-b27a-7f8fb48f71fd"",""dd8d0bb6-cb73-4028-99f3-66440db3460f"",""ef119b22-adeb-4919-a8f2-2030052341c4"",""11d6bf6e-7ca4-4ed3-ad14-15304649f97f"",""642e36c0-d22a-4adb-ad46-2b041cd5c4fc"",""3bfd146f-f42a-4d23-aef8-1d5b0932f469"",""1410a2b0-1313-40e3-a5eb-32f62a35b7ab""],""minRequired"":0,""allowPerHalf"":true,""internalName"":""Adicionais Pizzas Grandes Salgadas"",""customMessage"":""Turbine sua pizza com esses adicionais"",""applyToHalfPizza"":true}]",false,pizza,true,2,false,,"[{""id"":""429ed7dc-d200-4a74-a464-462bb2139ade"",""name"":""🍯 Doce de Leite"",""available"":true,""description"":"""",""additionalPrice"":15},{""id"":""5afc6eb7-e4c0-4f09-8fe0-70b203810677"",""name"":""🧀 Cheddar"",""available"":true,""description"":"""",""additionalPrice"":15},{""id"":""880cbc22-7f38-4c19-b43c-ef3cdb169b7d"",""name"":""🧀 Catupiry"",""available"":true,""description"":"""",""additionalPrice"":15},{""id"":""139807d7-f35f-43fb-a346-7f79cf615466"",""name"":""🤎 Chocolate"",""available"":true,""description"":"""",""additionalPrice"":15}]",0,false,2026-05-29 02:17:52.336267+00,2026-05-31 14:37:46.396152+00
47hQIWVXCPNsFteSy8qy,Esfiha de Oreo,Chocolate Branco e Oreo,8,4.8,https://ugxpfpbwyzefkyhpxqra.supabase.co/storage/v1/object/public/imagens-cardapio/Esfiha_de_Oreo__Oliveira_-otimizada-06052026203206.webp,esfihas-doces,[],false,true,false,[],false,padrao,false,2,false,,[],,false,2026-05-29 02:17:52.336267+00,2026-05-29 02:17:52.336267+00
4Eu8HKOylxbnxZEaF533,Esfiha de Carne com Cheddar	,Carne com Cheddar,8,4.8,https://ugxpfpbwyzefkyhpxqra.supabase.co/storage/v1/object/public/imagens-cardapio/Carne_com_cheddar__Oliveira_-otimizada-06052026202246.webp,esfihas,[],false,true,false,[],false,padrao,false,2,false,,[],,false,2026-05-29 02:17:52.336267+00,2026-05-29 02:17:52.336267+00
4pruRhvN2bIo55lavsOK,Alho e Óleo,Mussarela e alho granulado,40.5,24.3,https://ugxpfpbwyzefkyhpxqra.supabase.co/storage/v1/object/public/imagens-cardapio/Broto_Alho_e_Oleo__Pizzaria_Oliveira__IA-otimizada-06052026120706.webp,brotos-salgados,[],false,true,false,[],false,pizza,false,2,false,,[],,false,2026-05-29 02:17:52.336267+00,2026-05-29 02:17:52.336267+00
4QUT2zOmATX776yGPCcG,Lombopiry,Lombo e catupiry	,55,33,https://xiahufkvflyuvzhuhwpm.supabase.co/storage/v1/object/public/imagens-cardapio/Lombopiry-otimizada-31052026113302.webp,grandes-salgadas,[],false,true,true,"[{""id"":""65200a28-fd77-47d6-8d1a-765523d1602b"",""name"":""Adicionais"",""maxAllowed"":10,""variations"":[""f78ebbee-55a3-4455-ae8b-6f67a65415a1"",""579a739b-3dd7-43a1-95bf-4417e13aa85f"",""62412b08-cef0-4c91-bd3d-3f8fe660262b"",""e89d4ef3-40ff-4078-b8f3-f5d37dfed0dd"",""f8fafdb1-96ab-449a-b35e-0124f50a90eb"",""7888ee6b-9c65-4f96-bfc5-771adcdd30b0"",""8b6d8cc8-e5dc-4afc-97e2-91884b35811a"",""91f8df10-9f26-43ef-9b14-fc0e1b2d1bf9"",""d7bd9e30-9304-448e-81df-2dfeaf927cb8"",""3d9f4a17-a09f-4f8b-a6a0-f487bffc51f9"",""c3fd2e01-9e89-4c78-be81-e7d2170cc7f4"",""c8f0326f-79a3-421d-84b4-d0088e689b7d"",""7dd29981-e50f-409a-8fd5-68a29d5ef0d8"",""00c1e06d-5e66-45a2-a322-900b743b58fc"",""05ecdd1e-e2d4-4f42-b27a-7f8fb48f71fd"",""dd8d0bb6-cb73-4028-99f3-66440db3460f"",""ef119b22-adeb-4919-a8f2-2030052341c4"",""11d6bf6e-7ca4-4ed3-ad14-15304649f97f"",""642e36c0-d22a-4adb-ad46-2b041cd5c4fc"",""3bfd146f-f42a-4d23-aef8-1d5b0932f469"",""1410a2b0-1313-40e3-a5eb-32f62a35b7ab""],""minRequired"":0,""allowPerHalf"":true,""internalName"":""Adicionais Pizzas Grandes Salgadas"",""customMessage"":""Turbine sua pizza com esses adicionais"",""applyToHalfPizza"":true}]",false,pizza,true,2,false,,"[{""id"":""429ed7dc-d200-4a74-a464-462bb2139ade"",""name"":""🍯 Doce de Leite"",""available"":true,""description"":"""",""additionalPrice"":15},{""id"":""5afc6eb7-e4c0-4f09-8fe0-70b203810677"",""name"":""🧀 Cheddar"",""available"":true,""description"":"""",""additionalPrice"":15},{""id"":""880cbc22-7f38-4c19-b43c-ef3cdb169b7d"",""name"":""🧀 Catupiry"",""available"":true,""description"":"""",""additionalPrice"":15},{""id"":""139807d7-f35f-43fb-a346-7f79cf615466"",""name"":""🤎 Chocolate"",""available"":true,""description"":"""",""additionalPrice"":15}]",0,false,2026-05-29 02:17:52.336267+00,2026-05-31 14:33:04.5132+00
629Q8n91Rcrf4RwOBw1L,Baiacatu,"Calabresa Moída, catupiry e cebola",55,33,https://xiahufkvflyuvzhuhwpm.supabase.co/storage/v1/object/public/imagens-cardapio/Baiacatu-otimizada-31052026112549.webp,grandes-salgadas,[],false,true,true,"[{""id"":""65200a28-fd77-47d6-8d1a-765523d1602b"",""name"":""Adicionais"",""maxAllowed"":10,""variations"":[""f78ebbee-55a3-4455-ae8b-6f67a65415a1"",""579a739b-3dd7-43a1-95bf-4417e13aa85f"",""62412b08-cef0-4c91-bd3d-3f8fe660262b"",""e89d4ef3-40ff-4078-b8f3-f5d37dfed0dd"",""f8fafdb1-96ab-449a-b35e-0124f50a90eb"",""7888ee6b-9c65-4f96-bfc5-771adcdd30b0"",""8b6d8cc8-e5dc-4afc-97e2-91884b35811a"",""91f8df10-9f26-43ef-9b14-fc0e1b2d1bf9"",""d7bd9e30-9304-448e-81df-2dfeaf927cb8"",""3d9f4a17-a09f-4f8b-a6a0-f487bffc51f9"",""c3fd2e01-9e89-4c78-be81-e7d2170cc7f4"",""c8f0326f-79a3-421d-84b4-d0088e689b7d"",""7dd29981-e50f-409a-8fd5-68a29d5ef0d8"",""00c1e06d-5e66-45a2-a322-900b743b58fc"",""05ecdd1e-e2d4-4f42-b27a-7f8fb48f71fd"",""dd8d0bb6-cb73-4028-99f3-66440db3460f"",""ef119b22-adeb-4919-a8f2-2030052341c4"",""11d6bf6e-7ca4-4ed3-ad14-15304649f97f"",""642e36c0-d22a-4adb-ad46-2b041cd5c4fc"",""3bfd146f-f42a-4d23-aef8-1d5b0932f469"",""1410a2b0-1313-40e3-a5eb-32f62a35b7ab""],""minRequired"":0,""allowPerHalf"":true,""internalName"":""Adicionais Pizzas Grandes Salgadas"",""customMessage"":""Turbine sua pizza com esses adicionais"",""applyToHalfPizza"":true}]",false,pizza,true,2,false,,"[{""id"":""429ed7dc-d200-4a74-a464-462bb2139ade"",""name"":""🍯 Doce de Leite"",""available"":true,""description"":"""",""additionalPrice"":15},{""id"":""5afc6eb7-e4c0-4f09-8fe0-70b203810677"",""name"":""🧀 Cheddar"",""available"":true,""description"":"""",""additionalPrice"":15},{""id"":""880cbc22-7f38-4c19-b43c-ef3cdb169b7d"",""name"":""🧀 Catupiry"",""available"":true,""description"":"""",""additionalPrice"":15},{""id"":""139807d7-f35f-43fb-a346-7f79cf615466"",""name"":""🤎 Chocolate"",""available"":true,""description"":"""",""additionalPrice"":15}]",0,false,2026-05-29 02:17:52.336267+00,2026-05-31 14:25:51.324343+00
6e4z3yMfXG2b2nDXYbxR,Doritos 1,"Mussarela, cheddar e doritos",63,37.8,https://xiahufkvflyuvzhuhwpm.supabase.co/storage/v1/object/public/imagens-cardapio/Doritos_1-otimizada-31052026112941.webp,grandes-salgadas,[],false,true,true,"[{""id"":""65200a28-fd77-47d6-8d1a-765523d1602b"",""name"":""Adicionais"",""maxAllowed"":10,""variations"":[""f78ebbee-55a3-4455-ae8b-6f67a65415a1"",""579a739b-3dd7-43a1-95bf-4417e13aa85f"",""62412b08-cef0-4c91-bd3d-3f8fe660262b"",""e89d4ef3-40ff-4078-b8f3-f5d37dfed0dd"",""f8fafdb1-96ab-449a-b35e-0124f50a90eb"",""7888ee6b-9c65-4f96-bfc5-771adcdd30b0"",""8b6d8cc8-e5dc-4afc-97e2-91884b35811a"",""91f8df10-9f26-43ef-9b14-fc0e1b2d1bf9"",""d7bd9e30-9304-448e-81df-2dfeaf927cb8"",""3d9f4a17-a09f-4f8b-a6a0-f487bffc51f9"",""c3fd2e01-9e89-4c78-be81-e7d2170cc7f4"",""c8f0326f-79a3-421d-84b4-d0088e689b7d"",""7dd29981-e50f-409a-8fd5-68a29d5ef0d8"",""00c1e06d-5e66-45a2-a322-900b743b58fc"",""05ecdd1e-e2d4-4f42-b27a-7f8fb48f71fd"",""dd8d0bb6-cb73-4028-99f3-66440db3460f"",""ef119b22-adeb-4919-a8f2-2030052341c4"",""11d6bf6e-7ca4-4ed3-ad14-15304649f97f"",""642e36c0-d22a-4adb-ad46-2b041cd5c4fc"",""3bfd146f-f42a-4d23-aef8-1d5b0932f469"",""1410a2b0-1313-40e3-a5eb-32f62a35b7ab""],""minRequired"":0,""allowPerHalf"":true,""internalName"":""Adicionais Pizzas Grandes Salgadas"",""customMessage"":""Turbine sua pizza com esses adicionais"",""applyToHalfPizza"":true}]",false,pizza,true,2,false,,"[{""id"":""429ed7dc-d200-4a74-a464-462bb2139ade"",""name"":""🍯 Doce de Leite"",""available"":true,""description"":"""",""additionalPrice"":15},{""id"":""5afc6eb7-e4c0-4f09-8fe0-70b203810677"",""name"":""🧀 Cheddar"",""available"":true,""description"":"""",""additionalPrice"":15},{""id"":""880cbc22-7f38-4c19-b43c-ef3cdb169b7d"",""name"":""🧀 Catupiry"",""available"":true,""description"":"""",""additionalPrice"":15},{""id"":""139807d7-f35f-43fb-a346-7f79cf615466"",""name"":""🤎 Chocolate"",""available"":true,""description"":"""",""additionalPrice"":15}]",0,false,2026-05-29 02:17:52.336267+00,2026-05-31 14:29:43.757212+00
6SlkaUkUVIxtrFBBo7Hz,Frango com Catupiry,Frango desfiado e Catupiry,55,33,https://xiahufkvflyuvzhuhwpm.supabase.co/storage/v1/object/public/imagens-cardapio/Frango_com_Catupiry-otimizada-31052026113118.webp,grandes-salgadas,[],false,true,true,"[{""id"":""65200a28-fd77-47d6-8d1a-765523d1602b"",""name"":""Adicionais"",""maxAllowed"":10,""variations"":[""f78ebbee-55a3-4455-ae8b-6f67a65415a1"",""579a739b-3dd7-43a1-95bf-4417e13aa85f"",""62412b08-cef0-4c91-bd3d-3f8fe660262b"",""e89d4ef3-40ff-4078-b8f3-f5d37dfed0dd"",""f8fafdb1-96ab-449a-b35e-0124f50a90eb"",""7888ee6b-9c65-4f96-bfc5-771adcdd30b0"",""8b6d8cc8-e5dc-4afc-97e2-91884b35811a"",""91f8df10-9f26-43ef-9b14-fc0e1b2d1bf9"",""d7bd9e30-9304-448e-81df-2dfeaf927cb8"",""3d9f4a17-a09f-4f8b-a6a0-f487bffc51f9"",""c3fd2e01-9e89-4c78-be81-e7d2170cc7f4"",""c8f0326f-79a3-421d-84b4-d0088e689b7d"",""7dd29981-e50f-409a-8fd5-68a29d5ef0d8"",""00c1e06d-5e66-45a2-a322-900b743b58fc"",""05ecdd1e-e2d4-4f42-b27a-7f8fb48f71fd"",""dd8d0bb6-cb73-4028-99f3-66440db3460f"",""ef119b22-adeb-4919-a8f2-2030052341c4"",""11d6bf6e-7ca4-4ed3-ad14-15304649f97f"",""642e36c0-d22a-4adb-ad46-2b041cd5c4fc"",""3bfd146f-f42a-4d23-aef8-1d5b0932f469"",""1410a2b0-1313-40e3-a5eb-32f62a35b7ab""],""minRequired"":0,""allowPerHalf"":true,""internalName"":""Adicionais Pizzas Grandes Salgadas"",""customMessage"":""Turbine sua pizza com esses adicionais"",""applyToHalfPizza"":true}]",false,pizza,true,2,false,,"[{""id"":""429ed7dc-d200-4a74-a464-462bb2139ade"",""name"":""🍯 Doce de Leite"",""available"":true,""description"":"""",""additionalPrice"":15},{""id"":""5afc6eb7-e4c0-4f09-8fe0-70b203810677"",""name"":""🧀 Cheddar"",""available"":true,""description"":"""",""additionalPrice"":15},{""id"":""880cbc22-7f38-4c19-b43c-ef3cdb169b7d"",""name"":""🧀 Catupiry"",""available"":true,""description"":"""",""additionalPrice"":15},{""id"":""139807d7-f35f-43fb-a346-7f79cf615466"",""name"":""🤎 Chocolate"",""available"":true,""description"":"""",""additionalPrice"":15}]",0,false,2026-05-29 02:17:52.336267+00,2026-05-31 14:31:20.554895+00
6T1NVvFCTRs3mAtEAkzJ,Marguerita,"Muito boa ",40.5,24.3,https://ugxpfpbwyzefkyhpxqra.supabase.co/storage/v1/object/public/imagens-cardapio/Marguerita-otimizada-06052026123422.webp,brotos-salgados,[],false,true,false,[],false,pizza,false,2,false,,[],,false,2026-05-29 02:17:52.336267+00,2026-05-29 02:17:52.336267+00
728L7y4PIzHQoDIK11Xm,Esfiha de Chocolate com Banana,Chocolate com Banana,8,4.8,https://ugxpfpbwyzefkyhpxqra.supabase.co/storage/v1/object/public/imagens-cardapio/Esfiha_de_chocolate_com_banana-otimizada-06052026202958.webp,esfihas-doces,[],false,true,false,[],false,padrao,false,2,false,,[],,false,2026-05-29 02:17:52.336267+00,2026-05-29 02:17:52.336267+00
7IAlPEhiYabD7BKGQc5O,Esfiha Champignon	,Champignon,10,6,https://ugxpfpbwyzefkyhpxqra.supabase.co/storage/v1/object/public/imagens-cardapio/Champignon-otimizada-06052026201919.webp,esfihas,[],false,true,false,[],false,padrao,false,2,false,,[],,false,2026-05-29 02:17:52.336267+00,2026-05-29 02:17:52.336267+00
7JKKJzZgZUm5E0zLjpY5,Esfiha de Palmito c/ Queijo	,Palmito c/ queijo,8,4.8,https://ugxpfpbwyzefkyhpxqra.supabase.co/storage/v1/object/public/imagens-cardapio/Palmito_com_Queijo-otimizada-06052026202607.webp,esfihas,[],false,true,false,[],false,padrao,false,2,false,,[],,false,2026-05-29 02:17:52.336267+00,2026-05-29 02:17:52.336267+00
7mSBF8DKBbvSEgQJkKnt,Atum 1,Atum e Cebola,64,38.4,https://xiahufkvflyuvzhuhwpm.supabase.co/storage/v1/object/public/imagens-cardapio/Atum1-otimizada-31052026112443.webp,grandes-salgadas,[],false,true,true,"[{""id"":""65200a28-fd77-47d6-8d1a-765523d1602b"",""name"":""Adicionais"",""maxAllowed"":10,""variations"":[""f78ebbee-55a3-4455-ae8b-6f67a65415a1"",""579a739b-3dd7-43a1-95bf-4417e13aa85f"",""62412b08-cef0-4c91-bd3d-3f8fe660262b"",""e89d4ef3-40ff-4078-b8f3-f5d37dfed0dd"",""f8fafdb1-96ab-449a-b35e-0124f50a90eb"",""7888ee6b-9c65-4f96-bfc5-771adcdd30b0"",""8b6d8cc8-e5dc-4afc-97e2-91884b35811a"",""91f8df10-9f26-43ef-9b14-fc0e1b2d1bf9"",""d7bd9e30-9304-448e-81df-2dfeaf927cb8"",""3d9f4a17-a09f-4f8b-a6a0-f487bffc51f9"",""c3fd2e01-9e89-4c78-be81-e7d2170cc7f4"",""c8f0326f-79a3-421d-84b4-d0088e689b7d"",""7dd29981-e50f-409a-8fd5-68a29d5ef0d8"",""00c1e06d-5e66-45a2-a322-900b743b58fc"",""05ecdd1e-e2d4-4f42-b27a-7f8fb48f71fd"",""dd8d0bb6-cb73-4028-99f3-66440db3460f"",""ef119b22-adeb-4919-a8f2-2030052341c4"",""11d6bf6e-7ca4-4ed3-ad14-15304649f97f"",""642e36c0-d22a-4adb-ad46-2b041cd5c4fc"",""3bfd146f-f42a-4d23-aef8-1d5b0932f469"",""1410a2b0-1313-40e3-a5eb-32f62a35b7ab""],""minRequired"":0,""allowPerHalf"":true,""internalName"":""Adicionais Pizzas Grandes Salgadas"",""customMessage"":""Turbine sua pizza com esses adicionais"",""applyToHalfPizza"":true}]",false,pizza,true,2,false,,"[{""id"":""429ed7dc-d200-4a74-a464-462bb2139ade"",""name"":""🍯 Doce de Leite"",""available"":true,""description"":"""",""additionalPrice"":15},{""id"":""5afc6eb7-e4c0-4f09-8fe0-70b203810677"",""name"":""🧀 Cheddar"",""available"":true,""description"":"""",""additionalPrice"":15},{""id"":""880cbc22-7f38-4c19-b43c-ef3cdb169b7d"",""name"":""🧀 Catupiry"",""available"":true,""description"":"""",""additionalPrice"":15},{""id"":""139807d7-f35f-43fb-a346-7f79cf615466"",""name"":""🤎 Chocolate"",""available"":true,""description"":"""",""additionalPrice"":15}]",0,true,2026-05-29 02:17:52.336267+00,2026-05-31 14:24:45.896971+00
7TnDzDpkliJwklMT0D4R,Esfiha de Doce de Leite,Doce de Leite,8,4.8,https://ugxpfpbwyzefkyhpxqra.supabase.co/storage/v1/object/public/imagens-cardapio/Esfiha_Doce_Leite__Oliveira_-otimizada-06052026203016.webp,esfihas-doces,[],false,true,false,[],false,padrao,false,2,false,,[],,false,2026-05-29 02:17:52.336267+00,2026-05-29 02:17:52.336267+00
8FmdVeumytyJlX6pF7yy,Chomix,Chocolate ao leite branco e preto,51,30.6,https://aealgiyzbenbhhftwkxb.supabase.co/storage/v1/object/public/imagens-cardapio/exkqnlrvha5_1777645142783.webp,grandes-doces,[],false,true,true,"[{""id"":""65200a28-fd77-47d6-8d1a-765523d1602b"",""name"":""Adicionais"",""maxAllowed"":10,""variations"":[""f78ebbee-55a3-4455-ae8b-6f67a65415a1"",""579a739b-3dd7-43a1-95bf-4417e13aa85f"",""62412b08-cef0-4c91-bd3d-3f8fe660262b"",""e89d4ef3-40ff-4078-b8f3-f5d37dfed0dd"",""f8fafdb1-96ab-449a-b35e-0124f50a90eb"",""7888ee6b-9c65-4f96-bfc5-771adcdd30b0"",""8b6d8cc8-e5dc-4afc-97e2-91884b35811a"",""91f8df10-9f26-43ef-9b14-fc0e1b2d1bf9"",""d7bd9e30-9304-448e-81df-2dfeaf927cb8"",""3d9f4a17-a09f-4f8b-a6a0-f487bffc51f9"",""c3fd2e01-9e89-4c78-be81-e7d2170cc7f4"",""c8f0326f-79a3-421d-84b4-d0088e689b7d"",""7dd29981-e50f-409a-8fd5-68a29d5ef0d8"",""00c1e06d-5e66-45a2-a322-900b743b58fc"",""05ecdd1e-e2d4-4f42-b27a-7f8fb48f71fd"",""dd8d0bb6-cb73-4028-99f3-66440db3460f"",""ef119b22-adeb-4919-a8f2-2030052341c4"",""11d6bf6e-7ca4-4ed3-ad14-15304649f97f"",""642e36c0-d22a-4adb-ad46-2b041cd5c4fc"",""3bfd146f-f42a-4d23-aef8-1d5b0932f469"",""1410a2b0-1313-40e3-a5eb-32f62a35b7ab""],""minRequired"":0,""allowPerHalf"":true,""internalName"":""Adicionais Pizzas Grandes Salgadas"",""customMessage"":""Turbine sua pizza com esses adicionais"",""applyToHalfPizza"":true}]",false,pizza,true,2,false,,"[{""id"":""429ed7dc-d200-4a74-a464-462bb2139ade"",""name"":""🍯 Doce de Leite"",""available"":true,""description"":"""",""additionalPrice"":15},{""id"":""5afc6eb7-e4c0-4f09-8fe0-70b203810677"",""name"":""🧀 Cheddar"",""available"":true,""description"":"""",""additionalPrice"":15},{""id"":""880cbc22-7f38-4c19-b43c-ef3cdb169b7d"",""name"":""🧀 Catupiry"",""available"":true,""description"":"""",""additionalPrice"":15},{""id"":""139807d7-f35f-43fb-a346-7f79cf615466"",""name"":""🤎 Chocolate"",""available"":true,""description"":"""",""additionalPrice"":15}]",0,false,2026-05-29 02:17:52.336267+00,2026-06-13 21:16:39.887267+00
8HdWUXsTNTJDVvTljMGM,Milho Catupiry,Milho e catupiry	,55,33,https://xiahufkvflyuvzhuhwpm.supabase.co/storage/v1/object/public/imagens-cardapio/Milho_Catupiry-otimizada-31052026113347.webp,grandes-salgadas,[],false,true,true,"[{""id"":""65200a28-fd77-47d6-8d1a-765523d1602b"",""name"":""Adicionais"",""maxAllowed"":10,""variations"":[""f78ebbee-55a3-4455-ae8b-6f67a65415a1"",""579a739b-3dd7-43a1-95bf-4417e13aa85f"",""62412b08-cef0-4c91-bd3d-3f8fe660262b"",""e89d4ef3-40ff-4078-b8f3-f5d37dfed0dd"",""f8fafdb1-96ab-449a-b35e-0124f50a90eb"",""7888ee6b-9c65-4f96-bfc5-771adcdd30b0"",""8b6d8cc8-e5dc-4afc-97e2-91884b35811a"",""91f8df10-9f26-43ef-9b14-fc0e1b2d1bf9"",""d7bd9e30-9304-448e-81df-2dfeaf927cb8"",""3d9f4a17-a09f-4f8b-a6a0-f487bffc51f9"",""c3fd2e01-9e89-4c78-be81-e7d2170cc7f4"",""c8f0326f-79a3-421d-84b4-d0088e689b7d"",""7dd29981-e50f-409a-8fd5-68a29d5ef0d8"",""00c1e06d-5e66-45a2-a322-900b743b58fc"",""05ecdd1e-e2d4-4f42-b27a-7f8fb48f71fd"",""dd8d0bb6-cb73-4028-99f3-66440db3460f"",""ef119b22-adeb-4919-a8f2-2030052341c4"",""11d6bf6e-7ca4-4ed3-ad14-15304649f97f"",""642e36c0-d22a-4adb-ad46-2b041cd5c4fc"",""3bfd146f-f42a-4d23-aef8-1d5b0932f469"",""1410a2b0-1313-40e3-a5eb-32f62a35b7ab""],""minRequired"":0,""allowPerHalf"":true,""internalName"":""Adicionais Pizzas Grandes Salgadas"",""customMessage"":""Turbine sua pizza com esses adicionais"",""applyToHalfPizza"":true}]",false,pizza,true,2,false,,"[{""id"":""429ed7dc-d200-4a74-a464-462bb2139ade"",""name"":""🍯 Doce de Leite"",""available"":true,""description"":"""",""additionalPrice"":15},{""id"":""5afc6eb7-e4c0-4f09-8fe0-70b203810677"",""name"":""🧀 Cheddar"",""available"":true,""description"":"""",""additionalPrice"":15},{""id"":""880cbc22-7f38-4c19-b43c-ef3cdb169b7d"",""name"":""🧀 Catupiry"",""available"":true,""description"":"""",""additionalPrice"":15},{""id"":""139807d7-f35f-43fb-a346-7f79cf615466"",""name"":""🤎 Chocolate"",""available"":true,""description"":"""",""additionalPrice"":15}]",0,false,2026-05-29 02:17:52.336267+00,2026-05-31 14:33:48.872469+00
8RGQxLDiWOKVNkTsljmG,Hamburguer 1,"Hamburguer, barbecue, tomate, cebola, requeijão, mussarela e bacon	",44.5,26.7,https://ugxpfpbwyzefkyhpxqra.supabase.co/storage/v1/object/public/imagens-cardapio/Hamburguer_1-otimizada-06052026123131.webp,brotos-salgados,[],false,true,false,[],false,pizza,false,2,false,,[],,false,2026-05-29 02:17:52.336267+00,2026-05-29 02:17:52.336267+00
8RoqmzJc2i1YiaUHQR0W,Esfiha de Atum com Catupiry,Atum com Catupiry,9,5.4,https://ugxpfpbwyzefkyhpxqra.supabase.co/storage/v1/object/public/imagens-cardapio/Atum_com_Catupiry__Oliveira_-otimizada-06052026201649.webp,esfihas,[],false,true,false,[],false,padrao,false,2,false,,[],,false,2026-05-29 02:17:52.336267+00,2026-05-29 02:17:52.336267+00
8zMJoWlzP3HKHKcONMD7,Lombo 1	,"Lombo, mussarela e bacon",55,33,https://xiahufkvflyuvzhuhwpm.supabase.co/storage/v1/object/public/imagens-cardapio/Lombo_1-otimizada-31052026113226.webp,grandes-salgadas,[],false,true,true,"[{""id"":""65200a28-fd77-47d6-8d1a-765523d1602b"",""name"":""Adicionais"",""maxAllowed"":10,""variations"":[""f78ebbee-55a3-4455-ae8b-6f67a65415a1"",""579a739b-3dd7-43a1-95bf-4417e13aa85f"",""62412b08-cef0-4c91-bd3d-3f8fe660262b"",""e89d4ef3-40ff-4078-b8f3-f5d37dfed0dd"",""f8fafdb1-96ab-449a-b35e-0124f50a90eb"",""7888ee6b-9c65-4f96-bfc5-771adcdd30b0"",""8b6d8cc8-e5dc-4afc-97e2-91884b35811a"",""91f8df10-9f26-43ef-9b14-fc0e1b2d1bf9"",""d7bd9e30-9304-448e-81df-2dfeaf927cb8"",""3d9f4a17-a09f-4f8b-a6a0-f487bffc51f9"",""c3fd2e01-9e89-4c78-be81-e7d2170cc7f4"",""c8f0326f-79a3-421d-84b4-d0088e689b7d"",""7dd29981-e50f-409a-8fd5-68a29d5ef0d8"",""00c1e06d-5e66-45a2-a322-900b743b58fc"",""05ecdd1e-e2d4-4f42-b27a-7f8fb48f71fd"",""dd8d0bb6-cb73-4028-99f3-66440db3460f"",""ef119b22-adeb-4919-a8f2-2030052341c4"",""11d6bf6e-7ca4-4ed3-ad14-15304649f97f"",""642e36c0-d22a-4adb-ad46-2b041cd5c4fc"",""3bfd146f-f42a-4d23-aef8-1d5b0932f469"",""1410a2b0-1313-40e3-a5eb-32f62a35b7ab""],""minRequired"":0,""allowPerHalf"":true,""internalName"":""Adicionais Pizzas Grandes Salgadas"",""customMessage"":""Turbine sua pizza com esses adicionais"",""applyToHalfPizza"":true}]",false,pizza,true,2,false,,"[{""id"":""429ed7dc-d200-4a74-a464-462bb2139ade"",""name"":""🍯 Doce de Leite"",""available"":true,""description"":"""",""additionalPrice"":15},{""id"":""5afc6eb7-e4c0-4f09-8fe0-70b203810677"",""name"":""🧀 Cheddar"",""available"":true,""description"":"""",""additionalPrice"":15},{""id"":""880cbc22-7f38-4c19-b43c-ef3cdb169b7d"",""name"":""🧀 Catupiry"",""available"":true,""description"":"""",""additionalPrice"":15},{""id"":""139807d7-f35f-43fb-a346-7f79cf615466"",""name"":""🤎 Chocolate"",""available"":true,""description"":"""",""additionalPrice"":15}]",0,false,2026-05-29 02:17:52.336267+00,2026-05-31 14:32:28.468262+00
9G5QJSdOQgzbZgiP7ugD,Peruana,"Atum, mussarela e cebola	",48,28.8,https://ugxpfpbwyzefkyhpxqra.supabase.co/storage/v1/object/public/imagens-cardapio/Peruana-otimizada-06052026124133.webp,brotos-salgados,[],false,true,false,[],false,pizza,false,2,false,,[],,false,2026-05-29 02:17:52.336267+00,2026-05-29 02:17:52.336267+00
9gQCW3WHcYImDySiMBFi,Escarola,"Mussarela, escarola, bacon e cebola",38.5,23.1,https://ugxpfpbwyzefkyhpxqra.supabase.co/storage/v1/object/public/imagens-cardapio/Escarola-otimizada-06052026122633.webp,brotos-salgados,[],false,true,false,[],false,pizza,false,2,false,,[],,false,2026-05-29 02:17:52.336267+00,2026-05-29 02:17:52.336267+00
9SUaDlWGkhFhe0zV1xFx,Vegetariana	1,"Escarola, palmito, ervilha, milho, cebola e tomate seco	",55,33,https://xiahufkvflyuvzhuhwpm.supabase.co/storage/v1/object/public/imagens-cardapio/Vegetariana_1-otimizada-31052026113911.webp,grandes-salgadas,[],false,true,true,"[{""id"":""65200a28-fd77-47d6-8d1a-765523d1602b"",""name"":""Adicionais"",""maxAllowed"":10,""variations"":[""f78ebbee-55a3-4455-ae8b-6f67a65415a1"",""579a739b-3dd7-43a1-95bf-4417e13aa85f"",""62412b08-cef0-4c91-bd3d-3f8fe660262b"",""e89d4ef3-40ff-4078-b8f3-f5d37dfed0dd"",""f8fafdb1-96ab-449a-b35e-0124f50a90eb"",""7888ee6b-9c65-4f96-bfc5-771adcdd30b0"",""8b6d8cc8-e5dc-4afc-97e2-91884b35811a"",""91f8df10-9f26-43ef-9b14-fc0e1b2d1bf9"",""d7bd9e30-9304-448e-81df-2dfeaf927cb8"",""3d9f4a17-a09f-4f8b-a6a0-f487bffc51f9"",""c3fd2e01-9e89-4c78-be81-e7d2170cc7f4"",""c8f0326f-79a3-421d-84b4-d0088e689b7d"",""7dd29981-e50f-409a-8fd5-68a29d5ef0d8"",""00c1e06d-5e66-45a2-a322-900b743b58fc"",""05ecdd1e-e2d4-4f42-b27a-7f8fb48f71fd"",""dd8d0bb6-cb73-4028-99f3-66440db3460f"",""ef119b22-adeb-4919-a8f2-2030052341c4"",""11d6bf6e-7ca4-4ed3-ad14-15304649f97f"",""642e36c0-d22a-4adb-ad46-2b041cd5c4fc"",""3bfd146f-f42a-4d23-aef8-1d5b0932f469"",""1410a2b0-1313-40e3-a5eb-32f62a35b7ab""],""minRequired"":0,""allowPerHalf"":true,""internalName"":""Adicionais Pizzas Grandes Salgadas"",""customMessage"":""Turbine sua pizza com esses adicionais"",""applyToHalfPizza"":true}]",false,pizza,true,2,false,,"[{""id"":""429ed7dc-d200-4a74-a464-462bb2139ade"",""name"":""🍯 Doce de Leite"",""available"":true,""description"":"""",""additionalPrice"":15},{""id"":""5afc6eb7-e4c0-4f09-8fe0-70b203810677"",""name"":""🧀 Cheddar"",""available"":true,""description"":"""",""additionalPrice"":15},{""id"":""880cbc22-7f38-4c19-b43c-ef3cdb169b7d"",""name"":""🧀 Catupiry"",""available"":true,""description"":"""",""additionalPrice"":15},{""id"":""139807d7-f35f-43fb-a346-7f79cf615466"",""name"":""🤎 Chocolate"",""available"":true,""description"":"""",""additionalPrice"":15}]",0,false,2026-05-29 02:17:52.336267+00,2026-05-31 14:39:13.594264+00
9YfE7k9GMcc0ZQjwPrUJ,Sensação,"Chocolate, morango e granulado	",39.5,23.7,https://ugxpfpbwyzefkyhpxqra.supabase.co/storage/v1/object/public/imagens-cardapio/Sensacao-otimizada-06052026111741.webp,brotos-doces,[],false,true,false,[],false,pizza,true,2,false,,[],,false,2026-05-29 02:17:52.336267+00,2026-05-29 02:17:52.336267+00
A1MhoT4PeToR2ogM7p8c,Esfiha de Nutella c/ Morango,Nutella C/ Morango,14,8.4,https://ugxpfpbwyzefkyhpxqra.supabase.co/storage/v1/object/public/imagens-cardapio/Nutella_com_Morango-otimizada-06052026203054.webp,esfihas-doces,[],false,true,false,[],false,padrao,false,2,false,,[],,false,2026-05-29 02:17:52.336267+00,2026-05-29 02:17:52.336267+00
A6HkIskH5wtevXlCG34T,Abobrinha,"Mussarela, abobrinha e parmesão",38.5,23.1,https://ugxpfpbwyzefkyhpxqra.supabase.co/storage/v1/object/public/imagens-cardapio/Broto_Abobrinha__Pizzaria_Oliveira__IA-otimizada-06052026115213.webp,brotos-salgados,[],false,true,false,[],false,pizza,false,2,false,,[],,false,2026-05-29 02:17:52.336267+00,2026-05-29 02:17:52.336267+00
abBqxOLFvwQbNXORRbNR,Abobrinha 2,"Mussarela, abobrinha, parmesão e alho frito",38.5,23.1,https://ugxpfpbwyzefkyhpxqra.supabase.co/storage/v1/object/public/imagens-cardapio/Broto_Abrobrinha_2__Pizzaria_Oliveira__IA-otimizada-06052026115254.webp,brotos-salgados,[],false,true,false,[],false,pizza,false,2,false,,[],,false,2026-05-29 02:17:52.336267+00,2026-05-29 02:17:52.336267+00
aBVGAFYqOsMp1XWr4ezA,Champignon,Mussarela e champignon,63,37.8,https://xiahufkvflyuvzhuhwpm.supabase.co/storage/v1/object/public/imagens-cardapio/Champignon-otimizada-31052026112851.webp,grandes-salgadas,[],false,true,true,"[{""id"":""65200a28-fd77-47d6-8d1a-765523d1602b"",""name"":""Adicionais"",""maxAllowed"":10,""variations"":[""f78ebbee-55a3-4455-ae8b-6f67a65415a1"",""579a739b-3dd7-43a1-95bf-4417e13aa85f"",""62412b08-cef0-4c91-bd3d-3f8fe660262b"",""e89d4ef3-40ff-4078-b8f3-f5d37dfed0dd"",""f8fafdb1-96ab-449a-b35e-0124f50a90eb"",""7888ee6b-9c65-4f96-bfc5-771adcdd30b0"",""8b6d8cc8-e5dc-4afc-97e2-91884b35811a"",""91f8df10-9f26-43ef-9b14-fc0e1b2d1bf9"",""d7bd9e30-9304-448e-81df-2dfeaf927cb8"",""3d9f4a17-a09f-4f8b-a6a0-f487bffc51f9"",""c3fd2e01-9e89-4c78-be81-e7d2170cc7f4"",""c8f0326f-79a3-421d-84b4-d0088e689b7d"",""7dd29981-e50f-409a-8fd5-68a29d5ef0d8"",""00c1e06d-5e66-45a2-a322-900b743b58fc"",""05ecdd1e-e2d4-4f42-b27a-7f8fb48f71fd"",""dd8d0bb6-cb73-4028-99f3-66440db3460f"",""ef119b22-adeb-4919-a8f2-2030052341c4"",""11d6bf6e-7ca4-4ed3-ad14-15304649f97f"",""642e36c0-d22a-4adb-ad46-2b041cd5c4fc"",""3bfd146f-f42a-4d23-aef8-1d5b0932f469"",""1410a2b0-1313-40e3-a5eb-32f62a35b7ab""],""minRequired"":0,""allowPerHalf"":true,""internalName"":""Adicionais Pizzas Grandes Salgadas"",""customMessage"":""Turbine sua pizza com esses adicionais"",""applyToHalfPizza"":true}]",false,pizza,true,2,false,,"[{""id"":""429ed7dc-d200-4a74-a464-462bb2139ade"",""name"":""🍯 Doce de Leite"",""available"":true,""description"":"""",""additionalPrice"":15},{""id"":""5afc6eb7-e4c0-4f09-8fe0-70b203810677"",""name"":""🧀 Cheddar"",""available"":true,""description"":"""",""additionalPrice"":15},{""id"":""880cbc22-7f38-4c19-b43c-ef3cdb169b7d"",""name"":""🧀 Catupiry"",""available"":true,""description"":"""",""additionalPrice"":15},{""id"":""139807d7-f35f-43fb-a346-7f79cf615466"",""name"":""🤎 Chocolate"",""available"":true,""description"":"""",""additionalPrice"":15}]",0,false,2026-05-29 02:17:52.336267+00,2026-05-31 14:28:53.035166+00
aDmlmRl3OpYAXw8oCpvv,Caipira,"Frango, milho e mussarela",55,33,https://xiahufkvflyuvzhuhwpm.supabase.co/storage/v1/object/public/imagens-cardapio/Caipira-otimizada-31052026112716.webp,grandes-salgadas,[],false,true,true,"[{""id"":""65200a28-fd77-47d6-8d1a-765523d1602b"",""name"":""Adicionais"",""maxAllowed"":10,""variations"":[""f78ebbee-55a3-4455-ae8b-6f67a65415a1"",""579a739b-3dd7-43a1-95bf-4417e13aa85f"",""62412b08-cef0-4c91-bd3d-3f8fe660262b"",""e89d4ef3-40ff-4078-b8f3-f5d37dfed0dd"",""f8fafdb1-96ab-449a-b35e-0124f50a90eb"",""7888ee6b-9c65-4f96-bfc5-771adcdd30b0"",""8b6d8cc8-e5dc-4afc-97e2-91884b35811a"",""91f8df10-9f26-43ef-9b14-fc0e1b2d1bf9"",""d7bd9e30-9304-448e-81df-2dfeaf927cb8"",""3d9f4a17-a09f-4f8b-a6a0-f487bffc51f9"",""c3fd2e01-9e89-4c78-be81-e7d2170cc7f4"",""c8f0326f-79a3-421d-84b4-d0088e689b7d"",""7dd29981-e50f-409a-8fd5-68a29d5ef0d8"",""00c1e06d-5e66-45a2-a322-900b743b58fc"",""05ecdd1e-e2d4-4f42-b27a-7f8fb48f71fd"",""dd8d0bb6-cb73-4028-99f3-66440db3460f"",""ef119b22-adeb-4919-a8f2-2030052341c4"",""11d6bf6e-7ca4-4ed3-ad14-15304649f97f"",""642e36c0-d22a-4adb-ad46-2b041cd5c4fc"",""3bfd146f-f42a-4d23-aef8-1d5b0932f469"",""1410a2b0-1313-40e3-a5eb-32f62a35b7ab""],""minRequired"":0,""allowPerHalf"":true,""internalName"":""Adicionais Pizzas Grandes Salgadas"",""customMessage"":""Turbine sua pizza com esses adicionais"",""applyToHalfPizza"":true}]",false,pizza,true,2,false,,"[{""id"":""429ed7dc-d200-4a74-a464-462bb2139ade"",""name"":""🍯 Doce de Leite"",""available"":true,""description"":"""",""additionalPrice"":15},{""id"":""5afc6eb7-e4c0-4f09-8fe0-70b203810677"",""name"":""🧀 Cheddar"",""available"":true,""description"":"""",""additionalPrice"":15},{""id"":""880cbc22-7f38-4c19-b43c-ef3cdb169b7d"",""name"":""🧀 Catupiry"",""available"":true,""description"":"""",""additionalPrice"":15},{""id"":""139807d7-f35f-43fb-a346-7f79cf615466"",""name"":""🤎 Chocolate"",""available"":true,""description"":"""",""additionalPrice"":15}]",0,false,2026-05-29 02:17:52.336267+00,2026-05-31 14:27:17.895769+00
aDSHPKjaJrTIAlEX953D,Marguerita,"Muito boa ",55,33,https://xiahufkvflyuvzhuhwpm.supabase.co/storage/v1/object/public/imagens-cardapio/Marguerita-otimizada-31052026113313.webp,grandes-salgadas,[],false,true,true,"[{""id"":""65200a28-fd77-47d6-8d1a-765523d1602b"",""name"":""Adicionais"",""maxAllowed"":10,""variations"":[""f78ebbee-55a3-4455-ae8b-6f67a65415a1"",""579a739b-3dd7-43a1-95bf-4417e13aa85f"",""62412b08-cef0-4c91-bd3d-3f8fe660262b"",""e89d4ef3-40ff-4078-b8f3-f5d37dfed0dd"",""f8fafdb1-96ab-449a-b35e-0124f50a90eb"",""7888ee6b-9c65-4f96-bfc5-771adcdd30b0"",""8b6d8cc8-e5dc-4afc-97e2-91884b35811a"",""91f8df10-9f26-43ef-9b14-fc0e1b2d1bf9"",""d7bd9e30-9304-448e-81df-2dfeaf927cb8"",""3d9f4a17-a09f-4f8b-a6a0-f487bffc51f9"",""c3fd2e01-9e89-4c78-be81-e7d2170cc7f4"",""c8f0326f-79a3-421d-84b4-d0088e689b7d"",""7dd29981-e50f-409a-8fd5-68a29d5ef0d8"",""00c1e06d-5e66-45a2-a322-900b743b58fc"",""05ecdd1e-e2d4-4f42-b27a-7f8fb48f71fd"",""dd8d0bb6-cb73-4028-99f3-66440db3460f"",""ef119b22-adeb-4919-a8f2-2030052341c4"",""11d6bf6e-7ca4-4ed3-ad14-15304649f97f"",""642e36c0-d22a-4adb-ad46-2b041cd5c4fc"",""3bfd146f-f42a-4d23-aef8-1d5b0932f469"",""1410a2b0-1313-40e3-a5eb-32f62a35b7ab""],""minRequired"":0,""allowPerHalf"":true,""internalName"":""Adicionais Pizzas Grandes Salgadas"",""customMessage"":""Turbine sua pizza com esses adicionais"",""applyToHalfPizza"":true}]",false,pizza,true,2,false,,"[{""id"":""429ed7dc-d200-4a74-a464-462bb2139ade"",""name"":""🍯 Doce de Leite"",""available"":true,""description"":"""",""additionalPrice"":15},{""id"":""5afc6eb7-e4c0-4f09-8fe0-70b203810677"",""name"":""🧀 Cheddar"",""available"":true,""description"":"""",""additionalPrice"":15},{""id"":""880cbc22-7f38-4c19-b43c-ef3cdb169b7d"",""name"":""🧀 Catupiry"",""available"":true,""description"":"""",""additionalPrice"":15},{""id"":""139807d7-f35f-43fb-a346-7f79cf615466"",""name"":""🤎 Chocolate"",""available"":true,""description"":"""",""additionalPrice"":15}]",0,false,2026-05-29 02:17:52.336267+00,2026-05-31 14:33:15.136945+00
agOGMVKKNU6YJoZL0WUi,Bacon,"Bacon, cebola e mussarela",55,33,https://ugxpfpbwyzefkyhpxqra.supabase.co/storage/v1/object/public/imagens-cardapio/Broto_Bacon__Pizzaria_Oliveira__IA-otimizada-06052026121518.webp,brotos-salgados,[],false,true,false,[],false,pizza,false,2,false,,[],,false,2026-05-29 02:17:52.336267+00,2026-05-29 02:17:52.336267+00
AITeIi0kFvJUJyZgNsC6,Esfiha Palmito c/ Catupiry	,Palmito com catupiry,8,4.8,https://ugxpfpbwyzefkyhpxqra.supabase.co/storage/v1/object/public/imagens-cardapio/Palmito_com_Catupiry-otimizada-06052026202752.webp,esfihas,[],false,true,false,[],false,padrao,false,2,false,,[],,false,2026-05-29 02:17:52.336267+00,2026-05-29 02:17:52.336267+00
aXVlHJtkVuBM5RsIBFuB,Peito de Peru 2,"Peito de peru, mussarela, bacon e parmesão	",40.5,24.3,https://ugxpfpbwyzefkyhpxqra.supabase.co/storage/v1/object/public/imagens-cardapio/Peito_de_Peru_2-otimizada-06052026124023.webp,brotos-salgados,[],false,true,false,[],false,pizza,false,2,false,,[],,false,2026-05-29 02:17:52.336267+00,2026-05-29 02:17:52.336267+00
bgZwuPAfgX4Avihxw9Dv,Crocante,"Peito de Peru, catupiry e batata palha",55,33,https://xiahufkvflyuvzhuhwpm.supabase.co/storage/v1/object/public/imagens-cardapio/Crocante-otimizada-31052026112915.webp,grandes-salgadas,[],false,true,true,"[{""id"":""65200a28-fd77-47d6-8d1a-765523d1602b"",""name"":""Adicionais"",""maxAllowed"":10,""variations"":[""f78ebbee-55a3-4455-ae8b-6f67a65415a1"",""579a739b-3dd7-43a1-95bf-4417e13aa85f"",""62412b08-cef0-4c91-bd3d-3f8fe660262b"",""e89d4ef3-40ff-4078-b8f3-f5d37dfed0dd"",""f8fafdb1-96ab-449a-b35e-0124f50a90eb"",""7888ee6b-9c65-4f96-bfc5-771adcdd30b0"",""8b6d8cc8-e5dc-4afc-97e2-91884b35811a"",""91f8df10-9f26-43ef-9b14-fc0e1b2d1bf9"",""d7bd9e30-9304-448e-81df-2dfeaf927cb8"",""3d9f4a17-a09f-4f8b-a6a0-f487bffc51f9"",""c3fd2e01-9e89-4c78-be81-e7d2170cc7f4"",""c8f0326f-79a3-421d-84b4-d0088e689b7d"",""7dd29981-e50f-409a-8fd5-68a29d5ef0d8"",""00c1e06d-5e66-45a2-a322-900b743b58fc"",""05ecdd1e-e2d4-4f42-b27a-7f8fb48f71fd"",""dd8d0bb6-cb73-4028-99f3-66440db3460f"",""ef119b22-adeb-4919-a8f2-2030052341c4"",""11d6bf6e-7ca4-4ed3-ad14-15304649f97f"",""642e36c0-d22a-4adb-ad46-2b041cd5c4fc"",""3bfd146f-f42a-4d23-aef8-1d5b0932f469"",""1410a2b0-1313-40e3-a5eb-32f62a35b7ab""],""minRequired"":0,""allowPerHalf"":true,""internalName"":""Adicionais Pizzas Grandes Salgadas"",""customMessage"":""Turbine sua pizza com esses adicionais"",""applyToHalfPizza"":true}]",false,pizza,true,2,false,,"[{""id"":""429ed7dc-d200-4a74-a464-462bb2139ade"",""name"":""🍯 Doce de Leite"",""available"":true,""description"":"""",""additionalPrice"":15},{""id"":""5afc6eb7-e4c0-4f09-8fe0-70b203810677"",""name"":""🧀 Cheddar"",""available"":true,""description"":"""",""additionalPrice"":15},{""id"":""880cbc22-7f38-4c19-b43c-ef3cdb169b7d"",""name"":""🧀 Catupiry"",""available"":true,""description"":"""",""additionalPrice"":15},{""id"":""139807d7-f35f-43fb-a346-7f79cf615466"",""name"":""🤎 Chocolate"",""available"":true,""description"":"""",""additionalPrice"":15}]",0,false,2026-05-29 02:17:52.336267+00,2026-05-31 14:29:19.091639+00
bk9gPStjL0Whn0Bd66XH,Portuguesa	,"Mussarela, calabresa, presunto, ervilha, ovos, palmito e cebola	",57,34.2,https://xiahufkvflyuvzhuhwpm.supabase.co/storage/v1/object/public/imagens-cardapio/Portuguesa-otimizada-31052026113707.webp,grandes-salgadas,[],false,true,true,"[{""id"":""65200a28-fd77-47d6-8d1a-765523d1602b"",""name"":""Adicionais"",""maxAllowed"":10,""variations"":[""f78ebbee-55a3-4455-ae8b-6f67a65415a1"",""579a739b-3dd7-43a1-95bf-4417e13aa85f"",""62412b08-cef0-4c91-bd3d-3f8fe660262b"",""e89d4ef3-40ff-4078-b8f3-f5d37dfed0dd"",""f8fafdb1-96ab-449a-b35e-0124f50a90eb"",""7888ee6b-9c65-4f96-bfc5-771adcdd30b0"",""8b6d8cc8-e5dc-4afc-97e2-91884b35811a"",""91f8df10-9f26-43ef-9b14-fc0e1b2d1bf9"",""d7bd9e30-9304-448e-81df-2dfeaf927cb8"",""3d9f4a17-a09f-4f8b-a6a0-f487bffc51f9"",""c3fd2e01-9e89-4c78-be81-e7d2170cc7f4"",""c8f0326f-79a3-421d-84b4-d0088e689b7d"",""7dd29981-e50f-409a-8fd5-68a29d5ef0d8"",""00c1e06d-5e66-45a2-a322-900b743b58fc"",""05ecdd1e-e2d4-4f42-b27a-7f8fb48f71fd"",""dd8d0bb6-cb73-4028-99f3-66440db3460f"",""ef119b22-adeb-4919-a8f2-2030052341c4"",""11d6bf6e-7ca4-4ed3-ad14-15304649f97f"",""642e36c0-d22a-4adb-ad46-2b041cd5c4fc"",""3bfd146f-f42a-4d23-aef8-1d5b0932f469"",""1410a2b0-1313-40e3-a5eb-32f62a35b7ab""],""minRequired"":0,""allowPerHalf"":true,""internalName"":""Adicionais Pizzas Grandes Salgadas"",""customMessage"":""Turbine sua pizza com esses adicionais"",""applyToHalfPizza"":true}]",false,pizza,true,2,false,,"[{""id"":""429ed7dc-d200-4a74-a464-462bb2139ade"",""name"":""🍯 Doce de Leite"",""available"":true,""description"":"""",""additionalPrice"":15},{""id"":""5afc6eb7-e4c0-4f09-8fe0-70b203810677"",""name"":""🧀 Cheddar"",""available"":true,""description"":"""",""additionalPrice"":15},{""id"":""880cbc22-7f38-4c19-b43c-ef3cdb169b7d"",""name"":""🧀 Catupiry"",""available"":true,""description"":"""",""additionalPrice"":15},{""id"":""139807d7-f35f-43fb-a346-7f79cf615466"",""name"":""🤎 Chocolate"",""available"":true,""description"":"""",""additionalPrice"":15}]",0,false,2026-05-29 02:17:52.336267+00,2026-05-31 14:37:08.561921+00
BLhwAI7FGYxNZBTmFTbf,Brócolis Especial,"Brócolis, creme cheese e tomate cereja",44.5,26.7,https://ugxpfpbwyzefkyhpxqra.supabase.co/storage/v1/object/public/imagens-cardapio/Brocolis_Especial-otimizada-06052026121945.webp,brotos-salgados,[],false,true,false,[],false,pizza,false,2,false,,[],,false,2026-05-29 02:17:52.336267+00,2026-05-29 02:17:52.336267+00
BrfYuTFaFPIgSVP1HKWE,Calipso,"Calabresa, mussarela, catupiry e bacon",63,37.8,https://xiahufkvflyuvzhuhwpm.supabase.co/storage/v1/object/public/imagens-cardapio/Calipso-otimizada-31052026112813.webp,grandes-salgadas,[],true,true,true,"[{""id"":""65200a28-fd77-47d6-8d1a-765523d1602b"",""name"":""Adicionais"",""maxAllowed"":10,""variations"":[""f78ebbee-55a3-4455-ae8b-6f67a65415a1"",""579a739b-3dd7-43a1-95bf-4417e13aa85f"",""62412b08-cef0-4c91-bd3d-3f8fe660262b"",""e89d4ef3-40ff-4078-b8f3-f5d37dfed0dd"",""f8fafdb1-96ab-449a-b35e-0124f50a90eb"",""7888ee6b-9c65-4f96-bfc5-771adcdd30b0"",""8b6d8cc8-e5dc-4afc-97e2-91884b35811a"",""91f8df10-9f26-43ef-9b14-fc0e1b2d1bf9"",""d7bd9e30-9304-448e-81df-2dfeaf927cb8"",""3d9f4a17-a09f-4f8b-a6a0-f487bffc51f9"",""c3fd2e01-9e89-4c78-be81-e7d2170cc7f4"",""c8f0326f-79a3-421d-84b4-d0088e689b7d"",""7dd29981-e50f-409a-8fd5-68a29d5ef0d8"",""00c1e06d-5e66-45a2-a322-900b743b58fc"",""05ecdd1e-e2d4-4f42-b27a-7f8fb48f71fd"",""dd8d0bb6-cb73-4028-99f3-66440db3460f"",""ef119b22-adeb-4919-a8f2-2030052341c4"",""11d6bf6e-7ca4-4ed3-ad14-15304649f97f"",""642e36c0-d22a-4adb-ad46-2b041cd5c4fc"",""3bfd146f-f42a-4d23-aef8-1d5b0932f469"",""1410a2b0-1313-40e3-a5eb-32f62a35b7ab""],""minRequired"":0,""allowPerHalf"":true,""internalName"":""Adicionais Pizzas Grandes Salgadas"",""customMessage"":""Turbine sua pizza com esses adicionais"",""applyToHalfPizza"":true}]",false,pizza,true,2,false,,"[{""id"":""429ed7dc-d200-4a74-a464-462bb2139ade"",""name"":""🍯 Doce de Leite"",""available"":true,""description"":"""",""additionalPrice"":15},{""id"":""5afc6eb7-e4c0-4f09-8fe0-70b203810677"",""name"":""🧀 Cheddar"",""available"":true,""description"":"""",""additionalPrice"":15},{""id"":""880cbc22-7f38-4c19-b43c-ef3cdb169b7d"",""name"":""🧀 Catupiry"",""available"":true,""description"":"""",""additionalPrice"":15},{""id"":""139807d7-f35f-43fb-a346-7f79cf615466"",""name"":""🤎 Chocolate"",""available"":true,""description"":"""",""additionalPrice"":15}]",0,false,2026-05-29 02:17:52.336267+00,2026-05-31 14:28:15.658192+00
bSe04OLs71FpvRUnufNv,Big Frango,"Frango, milho, catupiry, mussarela e bacon",63,37.8,https://xiahufkvflyuvzhuhwpm.supabase.co/storage/v1/object/public/imagens-cardapio/Big_Frango-otimizada-31052026112633.webp,grandes-salgadas,[],true,true,true,"[{""id"":""65200a28-fd77-47d6-8d1a-765523d1602b"",""name"":""Adicionais"",""maxAllowed"":10,""variations"":[""f78ebbee-55a3-4455-ae8b-6f67a65415a1"",""579a739b-3dd7-43a1-95bf-4417e13aa85f"",""62412b08-cef0-4c91-bd3d-3f8fe660262b"",""e89d4ef3-40ff-4078-b8f3-f5d37dfed0dd"",""f8fafdb1-96ab-449a-b35e-0124f50a90eb"",""7888ee6b-9c65-4f96-bfc5-771adcdd30b0"",""8b6d8cc8-e5dc-4afc-97e2-91884b35811a"",""91f8df10-9f26-43ef-9b14-fc0e1b2d1bf9"",""d7bd9e30-9304-448e-81df-2dfeaf927cb8"",""3d9f4a17-a09f-4f8b-a6a0-f487bffc51f9"",""c3fd2e01-9e89-4c78-be81-e7d2170cc7f4"",""c8f0326f-79a3-421d-84b4-d0088e689b7d"",""7dd29981-e50f-409a-8fd5-68a29d5ef0d8"",""00c1e06d-5e66-45a2-a322-900b743b58fc"",""05ecdd1e-e2d4-4f42-b27a-7f8fb48f71fd"",""dd8d0bb6-cb73-4028-99f3-66440db3460f"",""ef119b22-adeb-4919-a8f2-2030052341c4"",""11d6bf6e-7ca4-4ed3-ad14-15304649f97f"",""642e36c0-d22a-4adb-ad46-2b041cd5c4fc"",""3bfd146f-f42a-4d23-aef8-1d5b0932f469"",""1410a2b0-1313-40e3-a5eb-32f62a35b7ab""],""minRequired"":0,""allowPerHalf"":true,""internalName"":""Adicionais Pizzas Grandes Salgadas"",""customMessage"":""Turbine sua pizza com esses adicionais"",""applyToHalfPizza"":true}]",false,pizza,true,2,false,,"[{""id"":""429ed7dc-d200-4a74-a464-462bb2139ade"",""name"":""🍯 Doce de Leite"",""available"":true,""description"":"""",""additionalPrice"":15},{""id"":""5afc6eb7-e4c0-4f09-8fe0-70b203810677"",""name"":""🧀 Cheddar"",""available"":true,""description"":"""",""additionalPrice"":15},{""id"":""880cbc22-7f38-4c19-b43c-ef3cdb169b7d"",""name"":""🧀 Catupiry"",""available"":true,""description"":"""",""additionalPrice"":15},{""id"":""139807d7-f35f-43fb-a346-7f79cf615466"",""name"":""🤎 Chocolate"",""available"":true,""description"":"""",""additionalPrice"":15}]",0,false,2026-05-29 02:17:52.336267+00,2026-05-31 14:26:35.483653+00
btiIZzWTBIGtK8mNxwTG,Esfiha de Atum,Atum,9,5.4,,esfihas,[],false,true,false,[],false,padrao,false,2,false,,[],,false,2026-05-29 02:17:52.336267+00,2026-05-29 02:17:52.336267+00
Buy1UDwhsK6wTZYakQCe,Hamburguer 2,"Hamburguer, cheddar, mussarela, cebola e bacon	",44.5,26.7,https://ugxpfpbwyzefkyhpxqra.supabase.co/storage/v1/object/public/imagens-cardapio/Hamburguer_2-otimizada-06052026123155.webp,brotos-salgados,[],false,true,false,[],false,pizza,false,2,false,,[],,false,2026-05-29 02:17:52.336267+00,2026-05-29 02:17:52.336267+00
by2EEOQJ3JbMGZexahkQ,Romanesca,"Mussarela, tomate, aliche e cebola	",48,28.8,https://ugxpfpbwyzefkyhpxqra.supabase.co/storage/v1/object/public/imagens-cardapio/Romanesca-otimizada-06052026124409.webp,brotos-salgados,[],false,true,false,[],false,pizza,false,2,false,,[],,false,2026-05-29 02:17:52.336267+00,2026-05-29 02:17:52.336267+00
c1CbR8tZWRmbQCFlc783,Brócolis 2,"Mussarela, peito de peru, requeijão, brócolis, cebola e provolone",44.5,26.7,https://ugxpfpbwyzefkyhpxqra.supabase.co/storage/v1/object/public/imagens-cardapio/Brocolis_2-otimizada-06052026121901.webp,brotos-salgados,[],false,true,false,[],false,pizza,false,2,false,,[],,false,2026-05-29 02:17:52.336267+00,2026-05-29 02:17:52.336267+00
C2n5WLZDXil4hXObqnyg,Carne Seca 2,"Carne seca, catupiry e cebola",70,42,https://xiahufkvflyuvzhuhwpm.supabase.co/storage/v1/object/public/imagens-cardapio/Carne_Seca_2-otimizada-31052026112839.webp,grandes-salgadas,[],false,true,true,"[{""id"":""65200a28-fd77-47d6-8d1a-765523d1602b"",""name"":""Adicionais"",""maxAllowed"":10,""variations"":[""f78ebbee-55a3-4455-ae8b-6f67a65415a1"",""579a739b-3dd7-43a1-95bf-4417e13aa85f"",""62412b08-cef0-4c91-bd3d-3f8fe660262b"",""e89d4ef3-40ff-4078-b8f3-f5d37dfed0dd"",""f8fafdb1-96ab-449a-b35e-0124f50a90eb"",""7888ee6b-9c65-4f96-bfc5-771adcdd30b0"",""8b6d8cc8-e5dc-4afc-97e2-91884b35811a"",""91f8df10-9f26-43ef-9b14-fc0e1b2d1bf9"",""d7bd9e30-9304-448e-81df-2dfeaf927cb8"",""3d9f4a17-a09f-4f8b-a6a0-f487bffc51f9"",""c3fd2e01-9e89-4c78-be81-e7d2170cc7f4"",""c8f0326f-79a3-421d-84b4-d0088e689b7d"",""7dd29981-e50f-409a-8fd5-68a29d5ef0d8"",""00c1e06d-5e66-45a2-a322-900b743b58fc"",""05ecdd1e-e2d4-4f42-b27a-7f8fb48f71fd"",""dd8d0bb6-cb73-4028-99f3-66440db3460f"",""ef119b22-adeb-4919-a8f2-2030052341c4"",""11d6bf6e-7ca4-4ed3-ad14-15304649f97f"",""642e36c0-d22a-4adb-ad46-2b041cd5c4fc"",""3bfd146f-f42a-4d23-aef8-1d5b0932f469"",""1410a2b0-1313-40e3-a5eb-32f62a35b7ab""],""minRequired"":0,""allowPerHalf"":true,""internalName"":""Adicionais Pizzas Grandes Salgadas"",""customMessage"":""Turbine sua pizza com esses adicionais"",""applyToHalfPizza"":true}]",false,pizza,true,2,false,,"[{""id"":""429ed7dc-d200-4a74-a464-462bb2139ade"",""name"":""🍯 Doce de Leite"",""available"":true,""description"":"""",""additionalPrice"":15},{""id"":""5afc6eb7-e4c0-4f09-8fe0-70b203810677"",""name"":""🧀 Cheddar"",""available"":true,""description"":"""",""additionalPrice"":15},{""id"":""880cbc22-7f38-4c19-b43c-ef3cdb169b7d"",""name"":""🧀 Catupiry"",""available"":true,""description"":"""",""additionalPrice"":15},{""id"":""139807d7-f35f-43fb-a346-7f79cf615466"",""name"":""🤎 Chocolate"",""available"":true,""description"":"""",""additionalPrice"":15}]",0,false,2026-05-29 02:17:52.336267+00,2026-05-31 14:28:41.15687+00
C8UFeTSaQtC2js4JjGt5,Esfiha de chocolate c/ confete,Chocolate com confete,8,4.8,https://ugxpfpbwyzefkyhpxqra.supabase.co/storage/v1/object/public/imagens-cardapio/Esfiha_Doce_Chocolate_Confete__Pizzaria_Oliveira__IA-otimizada-07052026143542.webp,esfihas-doces,[],false,true,false,[],false,padrao,false,2,false,,[],,false,2026-05-29 02:17:52.336267+00,2026-05-29 02:17:52.336267+00
cakitGcs7wgFocWjrc8v,Peperoni 2,"Mussarela, peperoni, parmesão, tomate e manjericão	",44.5,26.7,https://ugxpfpbwyzefkyhpxqra.supabase.co/storage/v1/object/public/imagens-cardapio/Peperoni_2-otimizada-06052026124111.webp,brotos-salgados,[],false,true,false,[],false,pizza,false,2,false,,[],,false,2026-05-29 02:17:52.336267+00,2026-05-29 02:17:52.336267+00
clITxR4n9EVwE8FgcWWc,Moda do Chefe 2	,"Escarola, presunto, palmito, bacon e parmesão	",63,37.8,https://xiahufkvflyuvzhuhwpm.supabase.co/storage/v1/object/public/imagens-cardapio/Moda_do_Chefe_2-otimizada-31052026113427.webp,grandes-salgadas,[],false,true,true,"[{""id"":""65200a28-fd77-47d6-8d1a-765523d1602b"",""name"":""Adicionais"",""maxAllowed"":10,""variations"":[""f78ebbee-55a3-4455-ae8b-6f67a65415a1"",""579a739b-3dd7-43a1-95bf-4417e13aa85f"",""62412b08-cef0-4c91-bd3d-3f8fe660262b"",""e89d4ef3-40ff-4078-b8f3-f5d37dfed0dd"",""f8fafdb1-96ab-449a-b35e-0124f50a90eb"",""7888ee6b-9c65-4f96-bfc5-771adcdd30b0"",""8b6d8cc8-e5dc-4afc-97e2-91884b35811a"",""91f8df10-9f26-43ef-9b14-fc0e1b2d1bf9"",""d7bd9e30-9304-448e-81df-2dfeaf927cb8"",""3d9f4a17-a09f-4f8b-a6a0-f487bffc51f9"",""c3fd2e01-9e89-4c78-be81-e7d2170cc7f4"",""c8f0326f-79a3-421d-84b4-d0088e689b7d"",""7dd29981-e50f-409a-8fd5-68a29d5ef0d8"",""00c1e06d-5e66-45a2-a322-900b743b58fc"",""05ecdd1e-e2d4-4f42-b27a-7f8fb48f71fd"",""dd8d0bb6-cb73-4028-99f3-66440db3460f"",""ef119b22-adeb-4919-a8f2-2030052341c4"",""11d6bf6e-7ca4-4ed3-ad14-15304649f97f"",""642e36c0-d22a-4adb-ad46-2b041cd5c4fc"",""3bfd146f-f42a-4d23-aef8-1d5b0932f469"",""1410a2b0-1313-40e3-a5eb-32f62a35b7ab""],""minRequired"":0,""allowPerHalf"":true,""internalName"":""Adicionais Pizzas Grandes Salgadas"",""customMessage"":""Turbine sua pizza com esses adicionais"",""applyToHalfPizza"":true}]",false,pizza,true,2,false,,"[{""id"":""429ed7dc-d200-4a74-a464-462bb2139ade"",""name"":""🍯 Doce de Leite"",""available"":true,""description"":"""",""additionalPrice"":15},{""id"":""5afc6eb7-e4c0-4f09-8fe0-70b203810677"",""name"":""🧀 Cheddar"",""available"":true,""description"":"""",""additionalPrice"":15},{""id"":""880cbc22-7f38-4c19-b43c-ef3cdb169b7d"",""name"":""🧀 Catupiry"",""available"":true,""description"":"""",""additionalPrice"":15},{""id"":""139807d7-f35f-43fb-a346-7f79cf615466"",""name"":""🤎 Chocolate"",""available"":true,""description"":"""",""additionalPrice"":15}]",0,false,2026-05-29 02:17:52.336267+00,2026-05-31 14:34:29.603705+00
cSM2fR54XeVDe4YHN0W8,Dois Queijos,"Catupiry, mussarela e molho de tomate",40.5,24.3,https://ugxpfpbwyzefkyhpxqra.supabase.co/storage/v1/object/public/imagens-cardapio/Dois_Queijos-otimizada-06052026122506.webp,brotos-salgados,[],false,true,false,[],false,pizza,false,2,false,,[],,false,2026-05-29 02:17:52.336267+00,2026-05-29 02:17:52.336267+00
CsTNoo772NViCa5MKJ1z,Brócolis 2,"Mussarela, peito de peru, requeijão, brócolis, cebola e provolone",63,37.8,https://xiahufkvflyuvzhuhwpm.supabase.co/storage/v1/object/public/imagens-cardapio/Brocolis_2-otimizada-31052026112654.webp,grandes-salgadas,[],true,true,true,"[{""id"":""65200a28-fd77-47d6-8d1a-765523d1602b"",""name"":""Adicionais"",""maxAllowed"":10,""variations"":[""f78ebbee-55a3-4455-ae8b-6f67a65415a1"",""579a739b-3dd7-43a1-95bf-4417e13aa85f"",""62412b08-cef0-4c91-bd3d-3f8fe660262b"",""e89d4ef3-40ff-4078-b8f3-f5d37dfed0dd"",""f8fafdb1-96ab-449a-b35e-0124f50a90eb"",""7888ee6b-9c65-4f96-bfc5-771adcdd30b0"",""8b6d8cc8-e5dc-4afc-97e2-91884b35811a"",""91f8df10-9f26-43ef-9b14-fc0e1b2d1bf9"",""d7bd9e30-9304-448e-81df-2dfeaf927cb8"",""3d9f4a17-a09f-4f8b-a6a0-f487bffc51f9"",""c3fd2e01-9e89-4c78-be81-e7d2170cc7f4"",""c8f0326f-79a3-421d-84b4-d0088e689b7d"",""7dd29981-e50f-409a-8fd5-68a29d5ef0d8"",""00c1e06d-5e66-45a2-a322-900b743b58fc"",""05ecdd1e-e2d4-4f42-b27a-7f8fb48f71fd"",""dd8d0bb6-cb73-4028-99f3-66440db3460f"",""ef119b22-adeb-4919-a8f2-2030052341c4"",""11d6bf6e-7ca4-4ed3-ad14-15304649f97f"",""642e36c0-d22a-4adb-ad46-2b041cd5c4fc"",""3bfd146f-f42a-4d23-aef8-1d5b0932f469"",""1410a2b0-1313-40e3-a5eb-32f62a35b7ab""],""minRequired"":0,""allowPerHalf"":true,""internalName"":""Adicionais Pizzas Grandes Salgadas"",""customMessage"":""Turbine sua pizza com esses adicionais"",""applyToHalfPizza"":true}]",false,pizza,true,2,false,,"[{""id"":""429ed7dc-d200-4a74-a464-462bb2139ade"",""name"":""🍯 Doce de Leite"",""available"":true,""description"":"""",""additionalPrice"":15},{""id"":""5afc6eb7-e4c0-4f09-8fe0-70b203810677"",""name"":""🧀 Cheddar"",""available"":true,""description"":"""",""additionalPrice"":15},{""id"":""880cbc22-7f38-4c19-b43c-ef3cdb169b7d"",""name"":""🧀 Catupiry"",""available"":true,""description"":"""",""additionalPrice"":15},{""id"":""139807d7-f35f-43fb-a346-7f79cf615466"",""name"":""🤎 Chocolate"",""available"":true,""description"":"""",""additionalPrice"":15}]",0,false,2026-05-29 02:17:52.336267+00,2026-05-31 14:26:56.048528+00
cuS9nE6AmC28nIUY4S0e,Lombo 2,"Lombo, requeijão de copo, bacon e parmesão",59,35.4,https://xiahufkvflyuvzhuhwpm.supabase.co/storage/v1/object/public/imagens-cardapio/Lombo_2-otimizada-31052026113236.webp,grandes-salgadas,[],false,true,true,"[{""id"":""65200a28-fd77-47d6-8d1a-765523d1602b"",""name"":""Adicionais"",""maxAllowed"":10,""variations"":[""f78ebbee-55a3-4455-ae8b-6f67a65415a1"",""579a739b-3dd7-43a1-95bf-4417e13aa85f"",""62412b08-cef0-4c91-bd3d-3f8fe660262b"",""e89d4ef3-40ff-4078-b8f3-f5d37dfed0dd"",""f8fafdb1-96ab-449a-b35e-0124f50a90eb"",""7888ee6b-9c65-4f96-bfc5-771adcdd30b0"",""8b6d8cc8-e5dc-4afc-97e2-91884b35811a"",""91f8df10-9f26-43ef-9b14-fc0e1b2d1bf9"",""d7bd9e30-9304-448e-81df-2dfeaf927cb8"",""3d9f4a17-a09f-4f8b-a6a0-f487bffc51f9"",""c3fd2e01-9e89-4c78-be81-e7d2170cc7f4"",""c8f0326f-79a3-421d-84b4-d0088e689b7d"",""7dd29981-e50f-409a-8fd5-68a29d5ef0d8"",""00c1e06d-5e66-45a2-a322-900b743b58fc"",""05ecdd1e-e2d4-4f42-b27a-7f8fb48f71fd"",""dd8d0bb6-cb73-4028-99f3-66440db3460f"",""ef119b22-adeb-4919-a8f2-2030052341c4"",""11d6bf6e-7ca4-4ed3-ad14-15304649f97f"",""642e36c0-d22a-4adb-ad46-2b041cd5c4fc"",""3bfd146f-f42a-4d23-aef8-1d5b0932f469"",""1410a2b0-1313-40e3-a5eb-32f62a35b7ab""],""minRequired"":0,""allowPerHalf"":true,""internalName"":""Adicionais Pizzas Grandes Salgadas"",""customMessage"":""Turbine sua pizza com esses adicionais"",""applyToHalfPizza"":true}]",false,pizza,true,2,false,,"[{""id"":""429ed7dc-d200-4a74-a464-462bb2139ade"",""name"":""🍯 Doce de Leite"",""available"":true,""description"":"""",""additionalPrice"":15},{""id"":""5afc6eb7-e4c0-4f09-8fe0-70b203810677"",""name"":""🧀 Cheddar"",""available"":true,""description"":"""",""additionalPrice"":15},{""id"":""880cbc22-7f38-4c19-b43c-ef3cdb169b7d"",""name"":""🧀 Catupiry"",""available"":true,""description"":"""",""additionalPrice"":15},{""id"":""139807d7-f35f-43fb-a346-7f79cf615466"",""name"":""🤎 Chocolate"",""available"":true,""description"":"""",""additionalPrice"":15}]",0,false,2026-05-29 02:17:52.336267+00,2026-05-31 14:32:38.66113+00
D7rOIWjw0b1I4NYj5nOo,Suspiro,Chocolate branco e côco,51,30.6,https://aealgiyzbenbhhftwkxb.supabase.co/storage/v1/object/public/imagens-cardapio/ud0mstg787j_1777645280886.webp,grandes-doces,[],false,true,true,"[{""id"":""65200a28-fd77-47d6-8d1a-765523d1602b"",""name"":""Adicionais"",""maxAllowed"":10,""variations"":[""f78ebbee-55a3-4455-ae8b-6f67a65415a1"",""579a739b-3dd7-43a1-95bf-4417e13aa85f"",""62412b08-cef0-4c91-bd3d-3f8fe660262b"",""e89d4ef3-40ff-4078-b8f3-f5d37dfed0dd"",""f8fafdb1-96ab-449a-b35e-0124f50a90eb"",""7888ee6b-9c65-4f96-bfc5-771adcdd30b0"",""8b6d8cc8-e5dc-4afc-97e2-91884b35811a"",""91f8df10-9f26-43ef-9b14-fc0e1b2d1bf9"",""d7bd9e30-9304-448e-81df-2dfeaf927cb8"",""3d9f4a17-a09f-4f8b-a6a0-f487bffc51f9"",""c3fd2e01-9e89-4c78-be81-e7d2170cc7f4"",""c8f0326f-79a3-421d-84b4-d0088e689b7d"",""7dd29981-e50f-409a-8fd5-68a29d5ef0d8"",""00c1e06d-5e66-45a2-a322-900b743b58fc"",""05ecdd1e-e2d4-4f42-b27a-7f8fb48f71fd"",""dd8d0bb6-cb73-4028-99f3-66440db3460f"",""ef119b22-adeb-4919-a8f2-2030052341c4"",""11d6bf6e-7ca4-4ed3-ad14-15304649f97f"",""642e36c0-d22a-4adb-ad46-2b041cd5c4fc"",""3bfd146f-f42a-4d23-aef8-1d5b0932f469"",""1410a2b0-1313-40e3-a5eb-32f62a35b7ab""],""minRequired"":0,""allowPerHalf"":true,""internalName"":""Adicionais Pizzas Grandes Salgadas"",""customMessage"":""Turbine sua pizza com esses adicionais"",""applyToHalfPizza"":true}]",false,pizza,true,2,false,,"[{""id"":""429ed7dc-d200-4a74-a464-462bb2139ade"",""name"":""🍯 Doce de Leite"",""available"":true,""description"":"""",""additionalPrice"":15},{""id"":""5afc6eb7-e4c0-4f09-8fe0-70b203810677"",""name"":""🧀 Cheddar"",""available"":true,""description"":"""",""additionalPrice"":15},{""id"":""880cbc22-7f38-4c19-b43c-ef3cdb169b7d"",""name"":""🧀 Catupiry"",""available"":true,""description"":"""",""additionalPrice"":15},{""id"":""139807d7-f35f-43fb-a346-7f79cf615466"",""name"":""🤎 Chocolate"",""available"":true,""description"":"""",""additionalPrice"":15}]",0,false,2026-05-29 02:17:52.336267+00,2026-06-13 21:16:39.887267+00
Db1VGwWmwwijok2guDRf,Ouro Branco	,Chocolate ao leite e Ouro Branco	,54,32.4,https://aealgiyzbenbhhftwkxb.supabase.co/storage/v1/object/public/imagens-cardapio/me569jff20c_1777645207924.webp,grandes-doces,[],false,true,true,"[{""id"":""65200a28-fd77-47d6-8d1a-765523d1602b"",""name"":""Adicionais"",""maxAllowed"":10,""variations"":[""f78ebbee-55a3-4455-ae8b-6f67a65415a1"",""579a739b-3dd7-43a1-95bf-4417e13aa85f"",""62412b08-cef0-4c91-bd3d-3f8fe660262b"",""e89d4ef3-40ff-4078-b8f3-f5d37dfed0dd"",""f8fafdb1-96ab-449a-b35e-0124f50a90eb"",""7888ee6b-9c65-4f96-bfc5-771adcdd30b0"",""8b6d8cc8-e5dc-4afc-97e2-91884b35811a"",""91f8df10-9f26-43ef-9b14-fc0e1b2d1bf9"",""d7bd9e30-9304-448e-81df-2dfeaf927cb8"",""3d9f4a17-a09f-4f8b-a6a0-f487bffc51f9"",""c3fd2e01-9e89-4c78-be81-e7d2170cc7f4"",""c8f0326f-79a3-421d-84b4-d0088e689b7d"",""7dd29981-e50f-409a-8fd5-68a29d5ef0d8"",""00c1e06d-5e66-45a2-a322-900b743b58fc"",""05ecdd1e-e2d4-4f42-b27a-7f8fb48f71fd"",""dd8d0bb6-cb73-4028-99f3-66440db3460f"",""ef119b22-adeb-4919-a8f2-2030052341c4"",""11d6bf6e-7ca4-4ed3-ad14-15304649f97f"",""642e36c0-d22a-4adb-ad46-2b041cd5c4fc"",""3bfd146f-f42a-4d23-aef8-1d5b0932f469"",""1410a2b0-1313-40e3-a5eb-32f62a35b7ab""],""minRequired"":0,""allowPerHalf"":true,""internalName"":""Adicionais Pizzas Grandes Salgadas"",""customMessage"":""Turbine sua pizza com esses adicionais"",""applyToHalfPizza"":true}]",false,pizza,true,2,false,,"[{""id"":""429ed7dc-d200-4a74-a464-462bb2139ade"",""name"":""🍯 Doce de Leite"",""available"":true,""description"":"""",""additionalPrice"":15},{""id"":""5afc6eb7-e4c0-4f09-8fe0-70b203810677"",""name"":""🧀 Cheddar"",""available"":true,""description"":"""",""additionalPrice"":15},{""id"":""880cbc22-7f38-4c19-b43c-ef3cdb169b7d"",""name"":""🧀 Catupiry"",""available"":true,""description"":"""",""additionalPrice"":15},{""id"":""139807d7-f35f-43fb-a346-7f79cf615466"",""name"":""🤎 Chocolate"",""available"":true,""description"":"""",""additionalPrice"":15}]",0,false,2026-05-29 02:17:52.336267+00,2026-06-13 21:16:39.887267+00
Db6mLnsNLFJBzp4Bbe6X,Baiana Especial,"Calabresa moída, ovos, cebola, pimenta e mussarela",44.5,26.7,https://ugxpfpbwyzefkyhpxqra.supabase.co/storage/v1/object/public/imagens-cardapio/Baiana_Especial-otimizada-06052026121718.webp,brotos-salgados,[],false,true,false,[],false,pizza,false,2,false,,[],,false,2026-05-29 02:17:52.336267+00,2026-05-29 02:17:52.336267+00
dTuHXIIBaNr59FDlKG4J,Prestígio,"Coco ralado, chocolate e leite condensado",51,30.6,https://aealgiyzbenbhhftwkxb.supabase.co/storage/v1/object/public/imagens-cardapio/83dinrz8hyu_1777645220737.webp,grandes-doces,[],false,true,true,"[{""id"":""65200a28-fd77-47d6-8d1a-765523d1602b"",""name"":""Adicionais"",""maxAllowed"":10,""variations"":[""f78ebbee-55a3-4455-ae8b-6f67a65415a1"",""579a739b-3dd7-43a1-95bf-4417e13aa85f"",""62412b08-cef0-4c91-bd3d-3f8fe660262b"",""e89d4ef3-40ff-4078-b8f3-f5d37dfed0dd"",""f8fafdb1-96ab-449a-b35e-0124f50a90eb"",""7888ee6b-9c65-4f96-bfc5-771adcdd30b0"",""8b6d8cc8-e5dc-4afc-97e2-91884b35811a"",""91f8df10-9f26-43ef-9b14-fc0e1b2d1bf9"",""d7bd9e30-9304-448e-81df-2dfeaf927cb8"",""3d9f4a17-a09f-4f8b-a6a0-f487bffc51f9"",""c3fd2e01-9e89-4c78-be81-e7d2170cc7f4"",""c8f0326f-79a3-421d-84b4-d0088e689b7d"",""7dd29981-e50f-409a-8fd5-68a29d5ef0d8"",""00c1e06d-5e66-45a2-a322-900b743b58fc"",""05ecdd1e-e2d4-4f42-b27a-7f8fb48f71fd"",""dd8d0bb6-cb73-4028-99f3-66440db3460f"",""ef119b22-adeb-4919-a8f2-2030052341c4"",""11d6bf6e-7ca4-4ed3-ad14-15304649f97f"",""642e36c0-d22a-4adb-ad46-2b041cd5c4fc"",""3bfd146f-f42a-4d23-aef8-1d5b0932f469"",""1410a2b0-1313-40e3-a5eb-32f62a35b7ab""],""minRequired"":0,""allowPerHalf"":true,""internalName"":""Adicionais Pizzas Grandes Salgadas"",""customMessage"":""Turbine sua pizza com esses adicionais"",""applyToHalfPizza"":true}]",false,padrao,false,2,false,,"[{""id"":""429ed7dc-d200-4a74-a464-462bb2139ade"",""name"":""🍯 Doce de Leite"",""available"":true,""description"":"""",""additionalPrice"":15},{""id"":""5afc6eb7-e4c0-4f09-8fe0-70b203810677"",""name"":""🧀 Cheddar"",""available"":true,""description"":"""",""additionalPrice"":15},{""id"":""880cbc22-7f38-4c19-b43c-ef3cdb169b7d"",""name"":""🧀 Catupiry"",""available"":true,""description"":"""",""additionalPrice"":15},{""id"":""139807d7-f35f-43fb-a346-7f79cf615466"",""name"":""🤎 Chocolate"",""available"":true,""description"":"""",""additionalPrice"":15}]",0,false,2026-05-29 02:17:52.336267+00,2026-06-13 21:16:39.887267+00
DVIXhYyBw0HD1yD3Y1Jr,Frango 2,Frango e catupiry,40.5,24.3,https://ugxpfpbwyzefkyhpxqra.supabase.co/storage/v1/object/public/imagens-cardapio/Frango_2-otimizada-06052026122805.webp,brotos-salgados,[],false,true,false,[],false,pizza,false,2,false,,[],,false,2026-05-29 02:17:52.336267+00,2026-05-29 02:17:52.336267+00
Dy9EXIelW7lwcjP8YGnQ,Doce de Leite,Mussarela e doce de leite	,38.5,23.1,https://ugxpfpbwyzefkyhpxqra.supabase.co/storage/v1/object/public/imagens-cardapio/Doce_de_Leite-otimizada-06052026111454.webp,brotos-doces,[],false,true,false,[],false,pizza,true,2,false,,[],,false,2026-05-29 02:17:52.336267+00,2026-05-29 02:17:52.336267+00
DyyYpXVZTBXcfrHmKfQ8,Marguerita Especial,"Mussarela, manjericão, tomate gorgonzola e parmesão",44.5,26.7,https://ugxpfpbwyzefkyhpxqra.supabase.co/storage/v1/object/public/imagens-cardapio/Marguerita_Especial-otimizada-06052026123445.webp,brotos-salgados,[],false,true,false,[],false,pizza,false,2,false,,[],,false,2026-05-29 02:17:52.336267+00,2026-05-29 02:17:52.336267+00
e3lwFkdE72gW9MYKD3jh,Esfiha de Aliche,Aliche,10,6,https://ugxpfpbwyzefkyhpxqra.supabase.co/storage/v1/object/public/imagens-cardapio/Aliche__Oliveira_-otimizada-06052026201941.webp,esfihas,[],false,true,false,[],false,padrao,false,2,false,,[],,false,2026-05-29 02:17:52.336267+00,2026-05-29 02:17:52.336267+00
EbLWi3Xgx5mCb3cZAqn4,Prestígio,"Coco ralado, chocolate e leite condensado",38.5,23.1,https://ugxpfpbwyzefkyhpxqra.supabase.co/storage/v1/object/public/imagens-cardapio/Prestigio-otimizada-06052026111604.webp,brotos-doces,[],false,true,false,[],false,pizza,false,2,false,,[],,false,2026-05-29 02:17:52.336267+00,2026-05-29 02:17:52.336267+00
Ef8r8wl97QCPyxYsuEVL,Choconana	,Banana e chocolate ao leite	,51,30.6,https://aealgiyzbenbhhftwkxb.supabase.co/storage/v1/object/public/imagens-cardapio/op96bp3kaq_1777645128299.webp,grandes-doces,[],false,true,true,"[{""id"":""65200a28-fd77-47d6-8d1a-765523d1602b"",""name"":""Adicionais"",""maxAllowed"":10,""variations"":[""f78ebbee-55a3-4455-ae8b-6f67a65415a1"",""579a739b-3dd7-43a1-95bf-4417e13aa85f"",""62412b08-cef0-4c91-bd3d-3f8fe660262b"",""e89d4ef3-40ff-4078-b8f3-f5d37dfed0dd"",""f8fafdb1-96ab-449a-b35e-0124f50a90eb"",""7888ee6b-9c65-4f96-bfc5-771adcdd30b0"",""8b6d8cc8-e5dc-4afc-97e2-91884b35811a"",""91f8df10-9f26-43ef-9b14-fc0e1b2d1bf9"",""d7bd9e30-9304-448e-81df-2dfeaf927cb8"",""3d9f4a17-a09f-4f8b-a6a0-f487bffc51f9"",""c3fd2e01-9e89-4c78-be81-e7d2170cc7f4"",""c8f0326f-79a3-421d-84b4-d0088e689b7d"",""7dd29981-e50f-409a-8fd5-68a29d5ef0d8"",""00c1e06d-5e66-45a2-a322-900b743b58fc"",""05ecdd1e-e2d4-4f42-b27a-7f8fb48f71fd"",""dd8d0bb6-cb73-4028-99f3-66440db3460f"",""ef119b22-adeb-4919-a8f2-2030052341c4"",""11d6bf6e-7ca4-4ed3-ad14-15304649f97f"",""642e36c0-d22a-4adb-ad46-2b041cd5c4fc"",""3bfd146f-f42a-4d23-aef8-1d5b0932f469"",""1410a2b0-1313-40e3-a5eb-32f62a35b7ab""],""minRequired"":0,""allowPerHalf"":true,""internalName"":""Adicionais Pizzas Grandes Salgadas"",""customMessage"":""Turbine sua pizza com esses adicionais"",""applyToHalfPizza"":true}]",false,pizza,true,2,false,,"[{""id"":""429ed7dc-d200-4a74-a464-462bb2139ade"",""name"":""🍯 Doce de Leite"",""available"":true,""description"":"""",""additionalPrice"":15},{""id"":""5afc6eb7-e4c0-4f09-8fe0-70b203810677"",""name"":""🧀 Cheddar"",""available"":true,""description"":"""",""additionalPrice"":15},{""id"":""880cbc22-7f38-4c19-b43c-ef3cdb169b7d"",""name"":""🧀 Catupiry"",""available"":true,""description"":"""",""additionalPrice"":15},{""id"":""139807d7-f35f-43fb-a346-7f79cf615466"",""name"":""🤎 Chocolate"",""available"":true,""description"":"""",""additionalPrice"":15}]",0,false,2026-05-29 02:17:52.336267+00,2026-06-13 21:16:39.887267+00
Eh8yewDagWSQDhRU2rv8,Esfiha de Chocolate c/ morango,Chocolate com morango,9,5.4,https://ugxpfpbwyzefkyhpxqra.supabase.co/storage/v1/object/public/imagens-cardapio/Esfiha_de_morango_com_chocolate__Oliveira_-otimizada-06052026202941.webp,esfihas-doces,[],false,true,false,[],false,padrao,false,2,false,,[],,false,2026-05-29 02:17:52.336267+00,2026-05-29 02:17:52.336267+00
ESRfnlIOCYgK1LeetuiE,Esfiha de Atum c/ cebola,Atum com cebola,8,4.8,https://ugxpfpbwyzefkyhpxqra.supabase.co/storage/v1/object/public/imagens-cardapio/Atum_com_cebola__Oliveira_-otimizada-06052026202031.webp,esfihas,[],false,true,false,[],false,padrao,false,2,false,,[],,false,2026-05-29 02:17:52.336267+00,2026-05-29 02:17:52.336267+00
eVPexZ1wyp3INAAWx4wM,Baiana," Calabresa moída, ovos, cebola e pimenta",51,30.6,https://xiahufkvflyuvzhuhwpm.supabase.co/storage/v1/object/public/imagens-cardapio/Baiana_Especial-otimizada-31052026112559.webp,grandes-salgadas,[],false,true,true,"[{""id"":""65200a28-fd77-47d6-8d1a-765523d1602b"",""name"":""Adicionais"",""maxAllowed"":10,""variations"":[""f78ebbee-55a3-4455-ae8b-6f67a65415a1"",""579a739b-3dd7-43a1-95bf-4417e13aa85f"",""62412b08-cef0-4c91-bd3d-3f8fe660262b"",""e89d4ef3-40ff-4078-b8f3-f5d37dfed0dd"",""f8fafdb1-96ab-449a-b35e-0124f50a90eb"",""7888ee6b-9c65-4f96-bfc5-771adcdd30b0"",""8b6d8cc8-e5dc-4afc-97e2-91884b35811a"",""91f8df10-9f26-43ef-9b14-fc0e1b2d1bf9"",""d7bd9e30-9304-448e-81df-2dfeaf927cb8"",""3d9f4a17-a09f-4f8b-a6a0-f487bffc51f9"",""c3fd2e01-9e89-4c78-be81-e7d2170cc7f4"",""c8f0326f-79a3-421d-84b4-d0088e689b7d"",""7dd29981-e50f-409a-8fd5-68a29d5ef0d8"",""00c1e06d-5e66-45a2-a322-900b743b58fc"",""05ecdd1e-e2d4-4f42-b27a-7f8fb48f71fd"",""dd8d0bb6-cb73-4028-99f3-66440db3460f"",""ef119b22-adeb-4919-a8f2-2030052341c4"",""11d6bf6e-7ca4-4ed3-ad14-15304649f97f"",""642e36c0-d22a-4adb-ad46-2b041cd5c4fc"",""3bfd146f-f42a-4d23-aef8-1d5b0932f469"",""1410a2b0-1313-40e3-a5eb-32f62a35b7ab""],""minRequired"":0,""allowPerHalf"":true,""internalName"":""Adicionais Pizzas Grandes Salgadas"",""customMessage"":""Turbine sua pizza com esses adicionais"",""applyToHalfPizza"":true}]",false,pizza,true,2,false,,"[{""id"":""429ed7dc-d200-4a74-a464-462bb2139ade"",""name"":""🍯 Doce de Leite"",""available"":true,""description"":"""",""additionalPrice"":15},{""id"":""5afc6eb7-e4c0-4f09-8fe0-70b203810677"",""name"":""🧀 Cheddar"",""available"":true,""description"":"""",""additionalPrice"":15},{""id"":""880cbc22-7f38-4c19-b43c-ef3cdb169b7d"",""name"":""🧀 Catupiry"",""available"":true,""description"":"""",""additionalPrice"":15},{""id"":""139807d7-f35f-43fb-a346-7f79cf615466"",""name"":""🤎 Chocolate"",""available"":true,""description"":"""",""additionalPrice"":15}]",0,false,2026-05-29 02:17:52.336267+00,2026-05-31 14:26:01.172295+00
Ey3bDMQUk5xCy72SEU3M,Calipso,"Calabresa, mussarela, catupiry e bacon",44.5,26.7,https://ugxpfpbwyzefkyhpxqra.supabase.co/storage/v1/object/public/imagens-cardapio/Calipso-otimizada-06052026122202.webp,brotos-salgados,[],false,true,false,[],false,pizza,false,2,false,,[],,false,2026-05-29 02:17:52.336267+00,2026-05-29 02:17:52.336267+00
eyJDnEta68xS9YwqMSb6,Toscana	,"Mussarela, calabresa moída e cebola	",55,33,https://xiahufkvflyuvzhuhwpm.supabase.co/storage/v1/object/public/imagens-cardapio/Toscana-otimizada-31052026113848.webp,grandes-salgadas,[],false,true,true,"[{""id"":""65200a28-fd77-47d6-8d1a-765523d1602b"",""name"":""Adicionais"",""maxAllowed"":10,""variations"":[""f78ebbee-55a3-4455-ae8b-6f67a65415a1"",""579a739b-3dd7-43a1-95bf-4417e13aa85f"",""62412b08-cef0-4c91-bd3d-3f8fe660262b"",""e89d4ef3-40ff-4078-b8f3-f5d37dfed0dd"",""f8fafdb1-96ab-449a-b35e-0124f50a90eb"",""7888ee6b-9c65-4f96-bfc5-771adcdd30b0"",""8b6d8cc8-e5dc-4afc-97e2-91884b35811a"",""91f8df10-9f26-43ef-9b14-fc0e1b2d1bf9"",""d7bd9e30-9304-448e-81df-2dfeaf927cb8"",""3d9f4a17-a09f-4f8b-a6a0-f487bffc51f9"",""c3fd2e01-9e89-4c78-be81-e7d2170cc7f4"",""c8f0326f-79a3-421d-84b4-d0088e689b7d"",""7dd29981-e50f-409a-8fd5-68a29d5ef0d8"",""00c1e06d-5e66-45a2-a322-900b743b58fc"",""05ecdd1e-e2d4-4f42-b27a-7f8fb48f71fd"",""dd8d0bb6-cb73-4028-99f3-66440db3460f"",""ef119b22-adeb-4919-a8f2-2030052341c4"",""11d6bf6e-7ca4-4ed3-ad14-15304649f97f"",""642e36c0-d22a-4adb-ad46-2b041cd5c4fc"",""3bfd146f-f42a-4d23-aef8-1d5b0932f469"",""1410a2b0-1313-40e3-a5eb-32f62a35b7ab""],""minRequired"":0,""allowPerHalf"":true,""internalName"":""Adicionais Pizzas Grandes Salgadas"",""customMessage"":""Turbine sua pizza com esses adicionais"",""applyToHalfPizza"":true}]",false,pizza,true,2,false,,"[{""id"":""429ed7dc-d200-4a74-a464-462bb2139ade"",""name"":""🍯 Doce de Leite"",""available"":true,""description"":"""",""additionalPrice"":15},{""id"":""5afc6eb7-e4c0-4f09-8fe0-70b203810677"",""name"":""🧀 Cheddar"",""available"":true,""description"":"""",""additionalPrice"":15},{""id"":""880cbc22-7f38-4c19-b43c-ef3cdb169b7d"",""name"":""🧀 Catupiry"",""available"":true,""description"":"""",""additionalPrice"":15},{""id"":""139807d7-f35f-43fb-a346-7f79cf615466"",""name"":""🤎 Chocolate"",""available"":true,""description"":"""",""additionalPrice"":15}]",0,false,2026-05-29 02:17:52.336267+00,2026-05-31 14:38:50.742216+00
fhsewOsKBlkps70Jf6vi,Brócolis 1,"Mussarela, calabresa moida, brócolis e cebola",55,33,https://xiahufkvflyuvzhuhwpm.supabase.co/storage/v1/object/public/imagens-cardapio/Brocolis_1-otimizada-31052026112643.webp,grandes-salgadas,[],false,true,true,"[{""id"":""65200a28-fd77-47d6-8d1a-765523d1602b"",""name"":""Adicionais"",""maxAllowed"":10,""variations"":[""f78ebbee-55a3-4455-ae8b-6f67a65415a1"",""579a739b-3dd7-43a1-95bf-4417e13aa85f"",""62412b08-cef0-4c91-bd3d-3f8fe660262b"",""e89d4ef3-40ff-4078-b8f3-f5d37dfed0dd"",""f8fafdb1-96ab-449a-b35e-0124f50a90eb"",""7888ee6b-9c65-4f96-bfc5-771adcdd30b0"",""8b6d8cc8-e5dc-4afc-97e2-91884b35811a"",""91f8df10-9f26-43ef-9b14-fc0e1b2d1bf9"",""d7bd9e30-9304-448e-81df-2dfeaf927cb8"",""3d9f4a17-a09f-4f8b-a6a0-f487bffc51f9"",""c3fd2e01-9e89-4c78-be81-e7d2170cc7f4"",""c8f0326f-79a3-421d-84b4-d0088e689b7d"",""7dd29981-e50f-409a-8fd5-68a29d5ef0d8"",""00c1e06d-5e66-45a2-a322-900b743b58fc"",""05ecdd1e-e2d4-4f42-b27a-7f8fb48f71fd"",""dd8d0bb6-cb73-4028-99f3-66440db3460f"",""ef119b22-adeb-4919-a8f2-2030052341c4"",""11d6bf6e-7ca4-4ed3-ad14-15304649f97f"",""642e36c0-d22a-4adb-ad46-2b041cd5c4fc"",""3bfd146f-f42a-4d23-aef8-1d5b0932f469"",""1410a2b0-1313-40e3-a5eb-32f62a35b7ab""],""minRequired"":0,""allowPerHalf"":true,""internalName"":""Adicionais Pizzas Grandes Salgadas"",""customMessage"":""Turbine sua pizza com esses adicionais"",""applyToHalfPizza"":true}]",false,pizza,true,2,false,,"[{""id"":""429ed7dc-d200-4a74-a464-462bb2139ade"",""name"":""🍯 Doce de Leite"",""available"":true,""description"":"""",""additionalPrice"":15},{""id"":""5afc6eb7-e4c0-4f09-8fe0-70b203810677"",""name"":""🧀 Cheddar"",""available"":true,""description"":"""",""additionalPrice"":15},{""id"":""880cbc22-7f38-4c19-b43c-ef3cdb169b7d"",""name"":""🧀 Catupiry"",""available"":true,""description"":"""",""additionalPrice"":15},{""id"":""139807d7-f35f-43fb-a346-7f79cf615466"",""name"":""🤎 Chocolate"",""available"":true,""description"":"""",""additionalPrice"":15}]",0,false,2026-05-29 02:17:52.336267+00,2026-05-31 14:26:45.12973+00
Fkxn4FcLqww9nkSm44hP,Atum Especial 2,"Atum, cream cheese e alho poró",70,42,https://xiahufkvflyuvzhuhwpm.supabase.co/storage/v1/object/public/imagens-cardapio/Atum_Especial_2-otimizada-31052026112505.webp,grandes-salgadas,[],false,true,true,"[{""id"":""65200a28-fd77-47d6-8d1a-765523d1602b"",""name"":""Adicionais"",""maxAllowed"":10,""variations"":[""f78ebbee-55a3-4455-ae8b-6f67a65415a1"",""579a739b-3dd7-43a1-95bf-4417e13aa85f"",""62412b08-cef0-4c91-bd3d-3f8fe660262b"",""e89d4ef3-40ff-4078-b8f3-f5d37dfed0dd"",""f8fafdb1-96ab-449a-b35e-0124f50a90eb"",""7888ee6b-9c65-4f96-bfc5-771adcdd30b0"",""8b6d8cc8-e5dc-4afc-97e2-91884b35811a"",""91f8df10-9f26-43ef-9b14-fc0e1b2d1bf9"",""d7bd9e30-9304-448e-81df-2dfeaf927cb8"",""3d9f4a17-a09f-4f8b-a6a0-f487bffc51f9"",""c3fd2e01-9e89-4c78-be81-e7d2170cc7f4"",""c8f0326f-79a3-421d-84b4-d0088e689b7d"",""7dd29981-e50f-409a-8fd5-68a29d5ef0d8"",""00c1e06d-5e66-45a2-a322-900b743b58fc"",""05ecdd1e-e2d4-4f42-b27a-7f8fb48f71fd"",""dd8d0bb6-cb73-4028-99f3-66440db3460f"",""ef119b22-adeb-4919-a8f2-2030052341c4"",""11d6bf6e-7ca4-4ed3-ad14-15304649f97f"",""642e36c0-d22a-4adb-ad46-2b041cd5c4fc"",""3bfd146f-f42a-4d23-aef8-1d5b0932f469"",""1410a2b0-1313-40e3-a5eb-32f62a35b7ab""],""minRequired"":0,""allowPerHalf"":true,""internalName"":""Adicionais Pizzas Grandes Salgadas"",""customMessage"":""Turbine sua pizza com esses adicionais"",""applyToHalfPizza"":true}]",false,pizza,true,2,false,,"[{""id"":""429ed7dc-d200-4a74-a464-462bb2139ade"",""name"":""🍯 Doce de Leite"",""available"":true,""description"":"""",""additionalPrice"":15},{""id"":""5afc6eb7-e4c0-4f09-8fe0-70b203810677"",""name"":""🧀 Cheddar"",""available"":true,""description"":"""",""additionalPrice"":15},{""id"":""880cbc22-7f38-4c19-b43c-ef3cdb169b7d"",""name"":""🧀 Catupiry"",""available"":true,""description"":"""",""additionalPrice"":15},{""id"":""139807d7-f35f-43fb-a346-7f79cf615466"",""name"":""🤎 Chocolate"",""available"":true,""description"":"""",""additionalPrice"":15}]",0,false,2026-05-29 02:17:52.336267+00,2026-05-31 14:25:07.357926+00
fKYP80LM7IxfVwNJujAv,Esfiha de Chocolate,Chocolate,7,4.2,https://ugxpfpbwyzefkyhpxqra.supabase.co/storage/v1/object/public/imagens-cardapio/Esfiha_de_chocolate__Oliveira_-otimizada-06052026202833.webp,esfihas-doces,[],false,true,false,[],false,padrao,false,2,false,,[],,false,2026-05-29 02:17:52.336267+00,2026-05-29 02:17:52.336267+00
fppMhd7Xa7IZcBNVBI6U,Esfiha de Queijo c/ Doce de Leite,Queijo c/ Doce de Leite,8,4.8,https://ugxpfpbwyzefkyhpxqra.supabase.co/storage/v1/object/public/imagens-cardapio/Esfiha_de_Queijo_com_doce_de_leite-otimizada-06052026203226.webp,esfihas-doces,[],false,true,false,[],false,padrao,false,2,false,,[],,false,2026-05-29 02:17:52.336267+00,2026-05-29 02:17:52.336267+00
FqmvTxTX3xFbQLWMVE0x,"Pepsi Twist ",Pet 2L,12,7.2,https://ugxpfpbwyzefkyhpxqra.supabase.co/storage/v1/object/public/imagens-cardapio/PepsiTwist-otimizada-07052026143047.webp,bebidas,[],false,false,false,[],false,padrao,false,2,false,,[],,false,2026-05-29 02:17:52.336267+00,2026-05-29 02:17:52.336267+00
fQpI5xW9e0GvbNohPjmJ,Portuguesa,"Mussarela, calabresa, presunto, ervilha, ovos, palmito e cebola	",41.5,24.9,https://aealgiyzbenbhhftwkxb.supabase.co/storage/v1/object/public/imagens-cardapio/y6l9352swzb_1777651869672.webp,brotos-salgados,[],false,true,false,[],false,pizza,false,2,false,,[],,false,2026-05-29 02:17:52.336267+00,2026-05-29 02:17:52.336267+00
fszOnRjLha7Zdmwk9zEf,Napolitana	,"Mussarela, molho de tomate e parmesão	",51,30.6,https://xiahufkvflyuvzhuhwpm.supabase.co/storage/v1/object/public/imagens-cardapio/Napolitana-otimizada-31052026113517.webp,grandes-salgadas,[],false,true,true,"[{""id"":""65200a28-fd77-47d6-8d1a-765523d1602b"",""name"":""Adicionais"",""maxAllowed"":10,""variations"":[""f78ebbee-55a3-4455-ae8b-6f67a65415a1"",""579a739b-3dd7-43a1-95bf-4417e13aa85f"",""62412b08-cef0-4c91-bd3d-3f8fe660262b"",""e89d4ef3-40ff-4078-b8f3-f5d37dfed0dd"",""f8fafdb1-96ab-449a-b35e-0124f50a90eb"",""7888ee6b-9c65-4f96-bfc5-771adcdd30b0"",""8b6d8cc8-e5dc-4afc-97e2-91884b35811a"",""91f8df10-9f26-43ef-9b14-fc0e1b2d1bf9"",""d7bd9e30-9304-448e-81df-2dfeaf927cb8"",""3d9f4a17-a09f-4f8b-a6a0-f487bffc51f9"",""c3fd2e01-9e89-4c78-be81-e7d2170cc7f4"",""c8f0326f-79a3-421d-84b4-d0088e689b7d"",""7dd29981-e50f-409a-8fd5-68a29d5ef0d8"",""00c1e06d-5e66-45a2-a322-900b743b58fc"",""05ecdd1e-e2d4-4f42-b27a-7f8fb48f71fd"",""dd8d0bb6-cb73-4028-99f3-66440db3460f"",""ef119b22-adeb-4919-a8f2-2030052341c4"",""11d6bf6e-7ca4-4ed3-ad14-15304649f97f"",""642e36c0-d22a-4adb-ad46-2b041cd5c4fc"",""3bfd146f-f42a-4d23-aef8-1d5b0932f469"",""1410a2b0-1313-40e3-a5eb-32f62a35b7ab""],""minRequired"":0,""allowPerHalf"":true,""internalName"":""Adicionais Pizzas Grandes Salgadas"",""customMessage"":""Turbine sua pizza com esses adicionais"",""applyToHalfPizza"":true}]",false,pizza,true,2,false,,"[{""id"":""429ed7dc-d200-4a74-a464-462bb2139ade"",""name"":""🍯 Doce de Leite"",""available"":true,""description"":"""",""additionalPrice"":15},{""id"":""5afc6eb7-e4c0-4f09-8fe0-70b203810677"",""name"":""🧀 Cheddar"",""available"":true,""description"":"""",""additionalPrice"":15},{""id"":""880cbc22-7f38-4c19-b43c-ef3cdb169b7d"",""name"":""🧀 Catupiry"",""available"":true,""description"":"""",""additionalPrice"":15},{""id"":""139807d7-f35f-43fb-a346-7f79cf615466"",""name"":""🤎 Chocolate"",""available"":true,""description"":"""",""additionalPrice"":15}]",0,false,2026-05-29 02:17:52.336267+00,2026-05-31 14:35:19.209412+00
fVbezN2gwtBxK9dMoHyl,Namorados,"Mussarela, palmito e catupiry	",40.5,24.3,https://ugxpfpbwyzefkyhpxqra.supabase.co/storage/v1/object/public/imagens-cardapio/Namorados-otimizada-06052026123807.webp,brotos-salgados,[],false,true,false,[],false,pizza,false,2,false,,[],,false,2026-05-29 02:17:52.336267+00,2026-05-29 02:17:52.336267+00
fVh1uCMo6RSEzkIylvAG,Moda do Cliente,5 ingredientes à escolha do cliente	,49.5,29.7,https://ugxpfpbwyzefkyhpxqra.supabase.co/storage/v1/object/public/imagens-cardapio/Moda_do_Cliente-otimizada-06052026123713.webp,brotos-salgados,[],false,true,false,[],false,pizza,false,2,false,,[],,false,2026-05-29 02:17:52.336267+00,2026-05-29 02:17:52.336267+00
fYbAxZK7P6QrBMtHkT5V,"Fanta Uva ","Pet 2L ",16,9.6,https://ugxpfpbwyzefkyhpxqra.supabase.co/storage/v1/object/public/imagens-cardapio/Fanta_Uva-otimizada-07052026140509.webp,bebidas,[],false,true,false,[],false,padrao,false,2,false,,[],,false,2026-05-29 02:17:52.336267+00,2026-05-29 02:17:52.336267+00
FYNCkzKppVLv1I0F6zUy,Atum Especial 1,"Atum, palmito, ervilha, ovos mussarela e bacon",70,42,https://xiahufkvflyuvzhuhwpm.supabase.co/storage/v1/object/public/imagens-cardapio/Atum_Especial_1-otimizada-31052026112455.webp,grandes-salgadas,[],false,true,true,"[{""id"":""65200a28-fd77-47d6-8d1a-765523d1602b"",""name"":""Adicionais"",""maxAllowed"":10,""variations"":[""f78ebbee-55a3-4455-ae8b-6f67a65415a1"",""579a739b-3dd7-43a1-95bf-4417e13aa85f"",""62412b08-cef0-4c91-bd3d-3f8fe660262b"",""e89d4ef3-40ff-4078-b8f3-f5d37dfed0dd"",""f8fafdb1-96ab-449a-b35e-0124f50a90eb"",""7888ee6b-9c65-4f96-bfc5-771adcdd30b0"",""8b6d8cc8-e5dc-4afc-97e2-91884b35811a"",""91f8df10-9f26-43ef-9b14-fc0e1b2d1bf9"",""d7bd9e30-9304-448e-81df-2dfeaf927cb8"",""3d9f4a17-a09f-4f8b-a6a0-f487bffc51f9"",""c3fd2e01-9e89-4c78-be81-e7d2170cc7f4"",""c8f0326f-79a3-421d-84b4-d0088e689b7d"",""7dd29981-e50f-409a-8fd5-68a29d5ef0d8"",""00c1e06d-5e66-45a2-a322-900b743b58fc"",""05ecdd1e-e2d4-4f42-b27a-7f8fb48f71fd"",""dd8d0bb6-cb73-4028-99f3-66440db3460f"",""ef119b22-adeb-4919-a8f2-2030052341c4"",""11d6bf6e-7ca4-4ed3-ad14-15304649f97f"",""642e36c0-d22a-4adb-ad46-2b041cd5c4fc"",""3bfd146f-f42a-4d23-aef8-1d5b0932f469"",""1410a2b0-1313-40e3-a5eb-32f62a35b7ab""],""minRequired"":0,""allowPerHalf"":true,""internalName"":""Adicionais Pizzas Grandes Salgadas"",""customMessage"":""Turbine sua pizza com esses adicionais"",""applyToHalfPizza"":true}]",false,pizza,true,2,false,,"[{""id"":""429ed7dc-d200-4a74-a464-462bb2139ade"",""name"":""🍯 Doce de Leite"",""available"":true,""description"":"""",""additionalPrice"":15},{""id"":""5afc6eb7-e4c0-4f09-8fe0-70b203810677"",""name"":""🧀 Cheddar"",""available"":true,""description"":"""",""additionalPrice"":15},{""id"":""880cbc22-7f38-4c19-b43c-ef3cdb169b7d"",""name"":""🧀 Catupiry"",""available"":true,""description"":"""",""additionalPrice"":15},{""id"":""139807d7-f35f-43fb-a346-7f79cf615466"",""name"":""🤎 Chocolate"",""available"":true,""description"":"""",""additionalPrice"":15}]",0,false,2026-05-29 02:17:52.336267+00,2026-05-31 14:24:56.936647+00
g024LpkmbcufUqkk3Y5I,Esfiha Romeu e Julieta,Queijo e Goiabada,8,4.8,https://ugxpfpbwyzefkyhpxqra.supabase.co/storage/v1/object/public/imagens-cardapio/Esfiha_Romeu_e_Julieta__Oliveira_-otimizada-06052026203316.webp,esfihas-doces,[],false,true,false,[],false,padrao,false,2,false,,[],,false,2026-05-29 02:17:52.336267+00,2026-05-29 02:17:52.336267+00
G94gdfck16TEvSyOlu1L,Esfiha de Catupiry,Catupiry,8,4.8,https://ugxpfpbwyzefkyhpxqra.supabase.co/storage/v1/object/public/imagens-cardapio/Catupiry__Oliveira_-otimizada-06052026202419.webp,esfihas,[],false,true,false,[],false,padrao,false,2,false,,[],,false,2026-05-29 02:17:52.336267+00,2026-05-29 02:17:52.336267+00
GaTufRCtSNy2J2KzAp7S,Sonho de Valsa	,Chocolate ao leite e Sonho de Valsa	,54,32.4,https://aealgiyzbenbhhftwkxb.supabase.co/storage/v1/object/public/imagens-cardapio/1yvp3sjfmz6_1777645267151.webp,grandes-doces,[],false,true,true,"[{""id"":""65200a28-fd77-47d6-8d1a-765523d1602b"",""name"":""Adicionais"",""maxAllowed"":10,""variations"":[""f78ebbee-55a3-4455-ae8b-6f67a65415a1"",""579a739b-3dd7-43a1-95bf-4417e13aa85f"",""62412b08-cef0-4c91-bd3d-3f8fe660262b"",""e89d4ef3-40ff-4078-b8f3-f5d37dfed0dd"",""f8fafdb1-96ab-449a-b35e-0124f50a90eb"",""7888ee6b-9c65-4f96-bfc5-771adcdd30b0"",""8b6d8cc8-e5dc-4afc-97e2-91884b35811a"",""91f8df10-9f26-43ef-9b14-fc0e1b2d1bf9"",""d7bd9e30-9304-448e-81df-2dfeaf927cb8"",""3d9f4a17-a09f-4f8b-a6a0-f487bffc51f9"",""c3fd2e01-9e89-4c78-be81-e7d2170cc7f4"",""c8f0326f-79a3-421d-84b4-d0088e689b7d"",""7dd29981-e50f-409a-8fd5-68a29d5ef0d8"",""00c1e06d-5e66-45a2-a322-900b743b58fc"",""05ecdd1e-e2d4-4f42-b27a-7f8fb48f71fd"",""dd8d0bb6-cb73-4028-99f3-66440db3460f"",""ef119b22-adeb-4919-a8f2-2030052341c4"",""11d6bf6e-7ca4-4ed3-ad14-15304649f97f"",""642e36c0-d22a-4adb-ad46-2b041cd5c4fc"",""3bfd146f-f42a-4d23-aef8-1d5b0932f469"",""1410a2b0-1313-40e3-a5eb-32f62a35b7ab""],""minRequired"":0,""allowPerHalf"":true,""internalName"":""Adicionais Pizzas Grandes Salgadas"",""customMessage"":""Turbine sua pizza com esses adicionais"",""applyToHalfPizza"":true}]",false,pizza,true,2,false,,"[{""id"":""429ed7dc-d200-4a74-a464-462bb2139ade"",""name"":""🍯 Doce de Leite"",""available"":true,""description"":"""",""additionalPrice"":15},{""id"":""5afc6eb7-e4c0-4f09-8fe0-70b203810677"",""name"":""🧀 Cheddar"",""available"":true,""description"":"""",""additionalPrice"":15},{""id"":""880cbc22-7f38-4c19-b43c-ef3cdb169b7d"",""name"":""🧀 Catupiry"",""available"":true,""description"":"""",""additionalPrice"":15},{""id"":""139807d7-f35f-43fb-a346-7f79cf615466"",""name"":""🤎 Chocolate"",""available"":true,""description"":"""",""additionalPrice"":15}]",0,false,2026-05-29 02:17:52.336267+00,2026-06-13 21:16:39.887267+00
gG0mROWsyCiW5Zy56ECL,Frango com Catupiry,Frango desfiado e Catupiry,40.5,24.3,https://ugxpfpbwyzefkyhpxqra.supabase.co/storage/v1/object/public/imagens-cardapio/Frango_com_Catupiry-otimizada-06052026122912.webp,brotos-salgados,[],false,true,false,[],false,pizza,false,2,false,,[],,false,2026-05-29 02:17:52.336267+00,2026-05-29 02:17:52.336267+00
GKG2EAE4GJBob4Ur7jkO,"Frango 2 ",Frango e catupiry,55,33,https://xiahufkvflyuvzhuhwpm.supabase.co/storage/v1/object/public/imagens-cardapio/Frango_2-otimizada-31052026113041.webp,grandes-salgadas,[],false,true,true,"[{""id"":""65200a28-fd77-47d6-8d1a-765523d1602b"",""name"":""Adicionais"",""maxAllowed"":10,""variations"":[""f78ebbee-55a3-4455-ae8b-6f67a65415a1"",""579a739b-3dd7-43a1-95bf-4417e13aa85f"",""62412b08-cef0-4c91-bd3d-3f8fe660262b"",""e89d4ef3-40ff-4078-b8f3-f5d37dfed0dd"",""f8fafdb1-96ab-449a-b35e-0124f50a90eb"",""7888ee6b-9c65-4f96-bfc5-771adcdd30b0"",""8b6d8cc8-e5dc-4afc-97e2-91884b35811a"",""91f8df10-9f26-43ef-9b14-fc0e1b2d1bf9"",""d7bd9e30-9304-448e-81df-2dfeaf927cb8"",""3d9f4a17-a09f-4f8b-a6a0-f487bffc51f9"",""c3fd2e01-9e89-4c78-be81-e7d2170cc7f4"",""c8f0326f-79a3-421d-84b4-d0088e689b7d"",""7dd29981-e50f-409a-8fd5-68a29d5ef0d8"",""00c1e06d-5e66-45a2-a322-900b743b58fc"",""05ecdd1e-e2d4-4f42-b27a-7f8fb48f71fd"",""dd8d0bb6-cb73-4028-99f3-66440db3460f"",""ef119b22-adeb-4919-a8f2-2030052341c4"",""11d6bf6e-7ca4-4ed3-ad14-15304649f97f"",""642e36c0-d22a-4adb-ad46-2b041cd5c4fc"",""3bfd146f-f42a-4d23-aef8-1d5b0932f469"",""1410a2b0-1313-40e3-a5eb-32f62a35b7ab""],""minRequired"":0,""allowPerHalf"":true,""internalName"":""Adicionais Pizzas Grandes Salgadas"",""customMessage"":""Turbine sua pizza com esses adicionais"",""applyToHalfPizza"":true}]",false,pizza,true,2,false,,"[{""id"":""429ed7dc-d200-4a74-a464-462bb2139ade"",""name"":""🍯 Doce de Leite"",""available"":true,""description"":"""",""additionalPrice"":15},{""id"":""5afc6eb7-e4c0-4f09-8fe0-70b203810677"",""name"":""🧀 Cheddar"",""available"":true,""description"":"""",""additionalPrice"":15},{""id"":""880cbc22-7f38-4c19-b43c-ef3cdb169b7d"",""name"":""🧀 Catupiry"",""available"":true,""description"":"""",""additionalPrice"":15},{""id"":""139807d7-f35f-43fb-a346-7f79cf615466"",""name"":""🤎 Chocolate"",""available"":true,""description"":"""",""additionalPrice"":15}]",0,false,2026-05-29 02:17:52.336267+00,2026-05-31 14:30:50.312537+00
GP0WIrca5j8qMlI9g3Qa,Caipira,"Frango, milho e mussarela",38.5,23.1,https://ugxpfpbwyzefkyhpxqra.supabase.co/storage/v1/object/public/imagens-cardapio/Caipira-otimizada-06052026122011.webp,brotos-salgados,[],false,true,false,[],false,pizza,false,2,false,,[],,false,2026-05-29 02:17:52.336267+00,2026-05-29 02:17:52.336267+00
grJCF62pbHoZb8cZPK4F,Brócolis Especial,"Brócolis, creme cheese e tomate cereja",63,37.8,https://xiahufkvflyuvzhuhwpm.supabase.co/storage/v1/object/public/imagens-cardapio/Brocolis_Especial-otimizada-31052026112706.webp,grandes-salgadas,[],false,true,true,"[{""id"":""65200a28-fd77-47d6-8d1a-765523d1602b"",""name"":""Adicionais"",""maxAllowed"":10,""variations"":[""f78ebbee-55a3-4455-ae8b-6f67a65415a1"",""579a739b-3dd7-43a1-95bf-4417e13aa85f"",""62412b08-cef0-4c91-bd3d-3f8fe660262b"",""e89d4ef3-40ff-4078-b8f3-f5d37dfed0dd"",""f8fafdb1-96ab-449a-b35e-0124f50a90eb"",""7888ee6b-9c65-4f96-bfc5-771adcdd30b0"",""8b6d8cc8-e5dc-4afc-97e2-91884b35811a"",""91f8df10-9f26-43ef-9b14-fc0e1b2d1bf9"",""d7bd9e30-9304-448e-81df-2dfeaf927cb8"",""3d9f4a17-a09f-4f8b-a6a0-f487bffc51f9"",""c3fd2e01-9e89-4c78-be81-e7d2170cc7f4"",""c8f0326f-79a3-421d-84b4-d0088e689b7d"",""7dd29981-e50f-409a-8fd5-68a29d5ef0d8"",""00c1e06d-5e66-45a2-a322-900b743b58fc"",""05ecdd1e-e2d4-4f42-b27a-7f8fb48f71fd"",""dd8d0bb6-cb73-4028-99f3-66440db3460f"",""ef119b22-adeb-4919-a8f2-2030052341c4"",""11d6bf6e-7ca4-4ed3-ad14-15304649f97f"",""642e36c0-d22a-4adb-ad46-2b041cd5c4fc"",""3bfd146f-f42a-4d23-aef8-1d5b0932f469"",""1410a2b0-1313-40e3-a5eb-32f62a35b7ab""],""minRequired"":0,""allowPerHalf"":true,""internalName"":""Adicionais Pizzas Grandes Salgadas"",""customMessage"":""Turbine sua pizza com esses adicionais"",""applyToHalfPizza"":true}]",false,pizza,true,2,false,,"[{""id"":""429ed7dc-d200-4a74-a464-462bb2139ade"",""name"":""🍯 Doce de Leite"",""available"":true,""description"":"""",""additionalPrice"":15},{""id"":""5afc6eb7-e4c0-4f09-8fe0-70b203810677"",""name"":""🧀 Cheddar"",""available"":true,""description"":"""",""additionalPrice"":15},{""id"":""880cbc22-7f38-4c19-b43c-ef3cdb169b7d"",""name"":""🧀 Catupiry"",""available"":true,""description"":"""",""additionalPrice"":15},{""id"":""139807d7-f35f-43fb-a346-7f79cf615466"",""name"":""🤎 Chocolate"",""available"":true,""description"":"""",""additionalPrice"":15}]",0,false,2026-05-29 02:17:52.336267+00,2026-05-31 14:27:08.557815+00
gsiAcbSYKxcjKNILrNjh,Suspiro,Chocolate branco e côco,38.5,23.1,https://ugxpfpbwyzefkyhpxqra.supabase.co/storage/v1/object/public/imagens-cardapio/suspiro-otimizada-06052026111836.webp,brotos-doces,[],false,true,false,[],false,pizza,true,2,false,,[],,false,2026-05-29 02:17:52.336267+00,2026-05-29 02:17:52.336267+00
gw46D2rkfBFKF3oVallc,Frango Especial 2,"Frango, cheddar, mussarela e bacon	",44.5,26.7,https://ugxpfpbwyzefkyhpxqra.supabase.co/storage/v1/object/public/imagens-cardapio/Frango_Especial_2-otimizada-06052026123103.webp,brotos-salgados,[],false,true,false,[],false,pizza,false,2,false,,[],,false,2026-05-29 02:17:52.336267+00,2026-05-29 02:17:52.336267+00
HbLYZVHyLFn9QHqGFVjC,Sonho de Valsa,Chocolate ao leite e Sonho de Valsa	,54,32.4,https://ugxpfpbwyzefkyhpxqra.supabase.co/storage/v1/object/public/imagens-cardapio/Sonho_de_Valsa-otimizada-06052026111819.webp,brotos-doces,[],false,true,false,[],false,pizza,true,2,false,,[],,false,2026-05-29 02:17:52.336267+00,2026-05-29 02:17:52.336267+00
HfegUZtlXRjaRgPXVoeh,Esfiha de Calabresa,Calabresa Moída,7,4.2,,esfihas,[],false,true,false,[],false,padrao,false,2,false,,[],,false,2026-05-29 02:17:52.336267+00,2026-05-29 02:17:52.336267+00
hIlxXMq11bsowqoBsPfj,Provolone,Provolone e rodelas de tomate	,40.5,24.3,https://ugxpfpbwyzefkyhpxqra.supabase.co/storage/v1/object/public/imagens-cardapio/Provolone-otimizada-06052026124235.webp,brotos-salgados,[],false,true,false,[],false,pizza,false,2,false,,[],,false,2026-05-29 02:17:52.336267+00,2026-05-29 02:17:52.336267+00
hj78WxnmXAtuQqOfMkZe,Tomate Seco,"Tomate seco, mussarela e rúcula",44.5,26.7,https://ugxpfpbwyzefkyhpxqra.supabase.co/storage/v1/object/public/imagens-cardapio/Tomate_Seco-otimizada-06052026124759.webp,brotos-salgados,[],false,true,false,[],false,pizza,false,2,false,,[],,false,2026-05-29 02:17:52.336267+00,2026-05-29 02:17:52.336267+00
HJY1u7Q76VWraQiklT80,Pepsi Cola,Pet 2L,16,9.6,https://xiahufkvflyuvzhuhwpm.supabase.co/storage/v1/object/public/imagens-cardapio/pepsi_cola-31052026112055.webp,bebidas,[],false,false,false,[],false,padrao,false,2,false,,[],,false,2026-05-29 02:17:52.336267+00,2026-05-31 14:20:58.530205+00
HmHADoAKnZ7k4Q0fIa2L,Esfiha Gorgonzola	,Gorgonzola,10,6,https://ugxpfpbwyzefkyhpxqra.supabase.co/storage/v1/object/public/imagens-cardapio/Gorgonzola__Oliveira_-otimizada-06052026202738.webp,esfihas,[],false,true,false,[],false,padrao,false,2,false,,[],,false,2026-05-29 02:17:52.336267+00,2026-05-29 02:17:52.336267+00
htd6rEubqUVu6RMkWlee,Calacatu,"Calabresa fatiada, catupiry e cebola",55,33,https://xiahufkvflyuvzhuhwpm.supabase.co/storage/v1/object/public/imagens-cardapio/Calacatu-otimizada-31052026112802.webp,grandes-salgadas,[],false,true,true,"[{""id"":""65200a28-fd77-47d6-8d1a-765523d1602b"",""name"":""Adicionais"",""maxAllowed"":10,""variations"":[""f78ebbee-55a3-4455-ae8b-6f67a65415a1"",""579a739b-3dd7-43a1-95bf-4417e13aa85f"",""62412b08-cef0-4c91-bd3d-3f8fe660262b"",""e89d4ef3-40ff-4078-b8f3-f5d37dfed0dd"",""f8fafdb1-96ab-449a-b35e-0124f50a90eb"",""7888ee6b-9c65-4f96-bfc5-771adcdd30b0"",""8b6d8cc8-e5dc-4afc-97e2-91884b35811a"",""91f8df10-9f26-43ef-9b14-fc0e1b2d1bf9"",""d7bd9e30-9304-448e-81df-2dfeaf927cb8"",""3d9f4a17-a09f-4f8b-a6a0-f487bffc51f9"",""c3fd2e01-9e89-4c78-be81-e7d2170cc7f4"",""c8f0326f-79a3-421d-84b4-d0088e689b7d"",""7dd29981-e50f-409a-8fd5-68a29d5ef0d8"",""00c1e06d-5e66-45a2-a322-900b743b58fc"",""05ecdd1e-e2d4-4f42-b27a-7f8fb48f71fd"",""dd8d0bb6-cb73-4028-99f3-66440db3460f"",""ef119b22-adeb-4919-a8f2-2030052341c4"",""11d6bf6e-7ca4-4ed3-ad14-15304649f97f"",""642e36c0-d22a-4adb-ad46-2b041cd5c4fc"",""3bfd146f-f42a-4d23-aef8-1d5b0932f469"",""1410a2b0-1313-40e3-a5eb-32f62a35b7ab""],""minRequired"":0,""allowPerHalf"":true,""internalName"":""Adicionais Pizzas Grandes Salgadas"",""customMessage"":""Turbine sua pizza com esses adicionais"",""applyToHalfPizza"":true}]",false,pizza,true,2,false,,"[{""id"":""429ed7dc-d200-4a74-a464-462bb2139ade"",""name"":""🍯 Doce de Leite"",""available"":true,""description"":"""",""additionalPrice"":15},{""id"":""5afc6eb7-e4c0-4f09-8fe0-70b203810677"",""name"":""🧀 Cheddar"",""available"":true,""description"":"""",""additionalPrice"":15},{""id"":""880cbc22-7f38-4c19-b43c-ef3cdb169b7d"",""name"":""🧀 Catupiry"",""available"":true,""description"":"""",""additionalPrice"":15},{""id"":""139807d7-f35f-43fb-a346-7f79cf615466"",""name"":""🤎 Chocolate"",""available"":true,""description"":"""",""additionalPrice"":15}]",0,false,2026-05-29 02:17:52.336267+00,2026-05-31 14:28:03.817969+00
hVWRH48PJS8ftbnL2IVT,Esfiha Frango c/ Catupiry e Milho	,Frango c/ Catupiry e Milho	,8,4.8,https://ugxpfpbwyzefkyhpxqra.supabase.co/storage/v1/object/public/imagens-cardapio/Frango_Catupiry_e_Milho__Oliveira_-otimizada-06052026202711.webp,esfihas,[],false,true,false,[],false,padrao,false,2,false,,[],,false,2026-05-29 02:17:52.336267+00,2026-05-29 02:17:52.336267+00
hzToBykZspNd3PcwcCgW,Cinco Queijos,"Mussarela, catupiry, provolone, parmesão e gorgonzola",63,37.8,https://xiahufkvflyuvzhuhwpm.supabase.co/storage/v1/object/public/imagens-cardapio/Cinco_Queijos-otimizada-31052026112902.webp,grandes-salgadas,[],false,true,true,"[{""id"":""65200a28-fd77-47d6-8d1a-765523d1602b"",""name"":""Adicionais"",""maxAllowed"":10,""variations"":[""f78ebbee-55a3-4455-ae8b-6f67a65415a1"",""579a739b-3dd7-43a1-95bf-4417e13aa85f"",""62412b08-cef0-4c91-bd3d-3f8fe660262b"",""e89d4ef3-40ff-4078-b8f3-f5d37dfed0dd"",""f8fafdb1-96ab-449a-b35e-0124f50a90eb"",""7888ee6b-9c65-4f96-bfc5-771adcdd30b0"",""8b6d8cc8-e5dc-4afc-97e2-91884b35811a"",""91f8df10-9f26-43ef-9b14-fc0e1b2d1bf9"",""d7bd9e30-9304-448e-81df-2dfeaf927cb8"",""3d9f4a17-a09f-4f8b-a6a0-f487bffc51f9"",""c3fd2e01-9e89-4c78-be81-e7d2170cc7f4"",""c8f0326f-79a3-421d-84b4-d0088e689b7d"",""7dd29981-e50f-409a-8fd5-68a29d5ef0d8"",""00c1e06d-5e66-45a2-a322-900b743b58fc"",""05ecdd1e-e2d4-4f42-b27a-7f8fb48f71fd"",""dd8d0bb6-cb73-4028-99f3-66440db3460f"",""ef119b22-adeb-4919-a8f2-2030052341c4"",""11d6bf6e-7ca4-4ed3-ad14-15304649f97f"",""642e36c0-d22a-4adb-ad46-2b041cd5c4fc"",""3bfd146f-f42a-4d23-aef8-1d5b0932f469"",""1410a2b0-1313-40e3-a5eb-32f62a35b7ab""],""minRequired"":0,""allowPerHalf"":true,""internalName"":""Adicionais Pizzas Grandes Salgadas"",""customMessage"":""Turbine sua pizza com esses adicionais"",""applyToHalfPizza"":true}]",false,pizza,true,2,false,,"[{""id"":""429ed7dc-d200-4a74-a464-462bb2139ade"",""name"":""🍯 Doce de Leite"",""available"":true,""description"":"""",""additionalPrice"":15},{""id"":""5afc6eb7-e4c0-4f09-8fe0-70b203810677"",""name"":""🧀 Cheddar"",""available"":true,""description"":"""",""additionalPrice"":15},{""id"":""880cbc22-7f38-4c19-b43c-ef3cdb169b7d"",""name"":""🧀 Catupiry"",""available"":true,""description"":"""",""additionalPrice"":15},{""id"":""139807d7-f35f-43fb-a346-7f79cf615466"",""name"":""🤎 Chocolate"",""available"":true,""description"":"""",""additionalPrice"":15}]",0,false,2026-05-29 02:17:52.336267+00,2026-05-31 14:29:05.678837+00
IakNOrC72PORkJ1Vhmmx,Atum Especial 2,"Atum, cream cheese e alho poró",48,28.8,https://ugxpfpbwyzefkyhpxqra.supabase.co/storage/v1/object/public/imagens-cardapio/Broto_Atum_Especial_2__Pizzaria_Oliveira__IA-otimizada-06052026120825.webp,brotos-salgados,[],false,true,false,[],false,pizza,false,2,false,,[],,false,2026-05-29 02:17:52.336267+00,2026-05-29 02:17:52.336267+00
iAS9260dQPTiLGWR8swy,Dois Queijos,"Catupiry, mussarela e molho de tomate",55,33,https://xiahufkvflyuvzhuhwpm.supabase.co/storage/v1/object/public/imagens-cardapio/Dois_Queijos-otimizada-31052026112928.webp,grandes-salgadas,[],false,true,true,"[{""id"":""65200a28-fd77-47d6-8d1a-765523d1602b"",""name"":""Adicionais"",""maxAllowed"":10,""variations"":[""f78ebbee-55a3-4455-ae8b-6f67a65415a1"",""579a739b-3dd7-43a1-95bf-4417e13aa85f"",""62412b08-cef0-4c91-bd3d-3f8fe660262b"",""e89d4ef3-40ff-4078-b8f3-f5d37dfed0dd"",""f8fafdb1-96ab-449a-b35e-0124f50a90eb"",""7888ee6b-9c65-4f96-bfc5-771adcdd30b0"",""8b6d8cc8-e5dc-4afc-97e2-91884b35811a"",""91f8df10-9f26-43ef-9b14-fc0e1b2d1bf9"",""d7bd9e30-9304-448e-81df-2dfeaf927cb8"",""3d9f4a17-a09f-4f8b-a6a0-f487bffc51f9"",""c3fd2e01-9e89-4c78-be81-e7d2170cc7f4"",""c8f0326f-79a3-421d-84b4-d0088e689b7d"",""7dd29981-e50f-409a-8fd5-68a29d5ef0d8"",""00c1e06d-5e66-45a2-a322-900b743b58fc"",""05ecdd1e-e2d4-4f42-b27a-7f8fb48f71fd"",""dd8d0bb6-cb73-4028-99f3-66440db3460f"",""ef119b22-adeb-4919-a8f2-2030052341c4"",""11d6bf6e-7ca4-4ed3-ad14-15304649f97f"",""642e36c0-d22a-4adb-ad46-2b041cd5c4fc"",""3bfd146f-f42a-4d23-aef8-1d5b0932f469"",""1410a2b0-1313-40e3-a5eb-32f62a35b7ab""],""minRequired"":0,""allowPerHalf"":true,""internalName"":""Adicionais Pizzas Grandes Salgadas"",""customMessage"":""Turbine sua pizza com esses adicionais"",""applyToHalfPizza"":true}]",false,pizza,true,2,false,,"[{""id"":""429ed7dc-d200-4a74-a464-462bb2139ade"",""name"":""🍯 Doce de Leite"",""available"":true,""description"":"""",""additionalPrice"":15},{""id"":""5afc6eb7-e4c0-4f09-8fe0-70b203810677"",""name"":""🧀 Cheddar"",""available"":true,""description"":"""",""additionalPrice"":15},{""id"":""880cbc22-7f38-4c19-b43c-ef3cdb169b7d"",""name"":""🧀 Catupiry"",""available"":true,""description"":"""",""additionalPrice"":15},{""id"":""139807d7-f35f-43fb-a346-7f79cf615466"",""name"":""🤎 Chocolate"",""available"":true,""description"":"""",""additionalPrice"":15}]",0,false,2026-05-29 02:17:52.336267+00,2026-05-31 14:29:29.99901+00
IeXWgjaGuT431vcfgW8l,Chocolate & Confetes,"Chocolate com confetes de chocolate ""M&M""",31.5,18.9,https://ugxpfpbwyzefkyhpxqra.supabase.co/storage/v1/object/public/imagens-cardapio/Chocolate_e__Confetes-otimizada-06052026111333.webp,brotos-doces,[],false,true,false,[],false,pizza,true,2,false,,[],,false,2026-05-29 02:17:52.336267+00,2026-05-29 02:17:52.336267+00
IpobfrAYmcJj3lKeziQI,Milho Mussarela	,Milho e mussarela	,55,33,https://xiahufkvflyuvzhuhwpm.supabase.co/storage/v1/object/public/imagens-cardapio/Milho_Mussarela-otimizada-31052026113401.webp,grandes-salgadas,[],false,true,true,"[{""id"":""65200a28-fd77-47d6-8d1a-765523d1602b"",""name"":""Adicionais"",""maxAllowed"":10,""variations"":[""f78ebbee-55a3-4455-ae8b-6f67a65415a1"",""579a739b-3dd7-43a1-95bf-4417e13aa85f"",""62412b08-cef0-4c91-bd3d-3f8fe660262b"",""e89d4ef3-40ff-4078-b8f3-f5d37dfed0dd"",""f8fafdb1-96ab-449a-b35e-0124f50a90eb"",""7888ee6b-9c65-4f96-bfc5-771adcdd30b0"",""8b6d8cc8-e5dc-4afc-97e2-91884b35811a"",""91f8df10-9f26-43ef-9b14-fc0e1b2d1bf9"",""d7bd9e30-9304-448e-81df-2dfeaf927cb8"",""3d9f4a17-a09f-4f8b-a6a0-f487bffc51f9"",""c3fd2e01-9e89-4c78-be81-e7d2170cc7f4"",""c8f0326f-79a3-421d-84b4-d0088e689b7d"",""7dd29981-e50f-409a-8fd5-68a29d5ef0d8"",""00c1e06d-5e66-45a2-a322-900b743b58fc"",""05ecdd1e-e2d4-4f42-b27a-7f8fb48f71fd"",""dd8d0bb6-cb73-4028-99f3-66440db3460f"",""ef119b22-adeb-4919-a8f2-2030052341c4"",""11d6bf6e-7ca4-4ed3-ad14-15304649f97f"",""642e36c0-d22a-4adb-ad46-2b041cd5c4fc"",""3bfd146f-f42a-4d23-aef8-1d5b0932f469"",""1410a2b0-1313-40e3-a5eb-32f62a35b7ab""],""minRequired"":0,""allowPerHalf"":true,""internalName"":""Adicionais Pizzas Grandes Salgadas"",""customMessage"":""Turbine sua pizza com esses adicionais"",""applyToHalfPizza"":true}]",false,pizza,true,2,false,,"[{""id"":""429ed7dc-d200-4a74-a464-462bb2139ade"",""name"":""🍯 Doce de Leite"",""available"":true,""description"":"""",""additionalPrice"":15},{""id"":""5afc6eb7-e4c0-4f09-8fe0-70b203810677"",""name"":""🧀 Cheddar"",""available"":true,""description"":"""",""additionalPrice"":15},{""id"":""880cbc22-7f38-4c19-b43c-ef3cdb169b7d"",""name"":""🧀 Catupiry"",""available"":true,""description"":"""",""additionalPrice"":15},{""id"":""139807d7-f35f-43fb-a346-7f79cf615466"",""name"":""🤎 Chocolate"",""available"":true,""description"":"""",""additionalPrice"":15}]",0,false,2026-05-29 02:17:52.336267+00,2026-05-31 14:34:02.874562+00
ItrJccNWGqFWKsVZqP3I,Atum Especial 1,"Atum, palmito, ervilha, ovos mussarela e bacon",48,28.8,https://ugxpfpbwyzefkyhpxqra.supabase.co/storage/v1/object/public/imagens-cardapio/Broto_Atum_Especial_1__Pizzaria_Oliveira__IA-otimizada-06052026115544.webp,brotos-salgados,[],false,true,false,[],false,pizza,false,2,false,,[],,false,2026-05-29 02:17:52.336267+00,2026-05-29 02:17:52.336267+00
ivAlnmNUjBObGTVbdKJp,Romeu e Julieta,Mussarela e goiabada	,38.5,23.1,https://ugxpfpbwyzefkyhpxqra.supabase.co/storage/v1/object/public/imagens-cardapio/Romeu_e_Julieta-otimizada-06052026111724.webp,brotos-doces,[],false,true,false,[],false,pizza,true,2,false,,[],,false,2026-05-29 02:17:52.336267+00,2026-05-29 02:17:52.336267+00
IyeWNPKiRv3nVUDR1DIK,Peperoni 2	,"Mussarela, peperoni, parmesão, tomate e manjericão	",63,37.8,https://xiahufkvflyuvzhuhwpm.supabase.co/storage/v1/object/public/imagens-cardapio/Peperoni_2-otimizada-31052026113629.webp,grandes-salgadas,[],false,true,true,"[{""id"":""65200a28-fd77-47d6-8d1a-765523d1602b"",""name"":""Adicionais"",""maxAllowed"":10,""variations"":[""f78ebbee-55a3-4455-ae8b-6f67a65415a1"",""579a739b-3dd7-43a1-95bf-4417e13aa85f"",""62412b08-cef0-4c91-bd3d-3f8fe660262b"",""e89d4ef3-40ff-4078-b8f3-f5d37dfed0dd"",""f8fafdb1-96ab-449a-b35e-0124f50a90eb"",""7888ee6b-9c65-4f96-bfc5-771adcdd30b0"",""8b6d8cc8-e5dc-4afc-97e2-91884b35811a"",""91f8df10-9f26-43ef-9b14-fc0e1b2d1bf9"",""d7bd9e30-9304-448e-81df-2dfeaf927cb8"",""3d9f4a17-a09f-4f8b-a6a0-f487bffc51f9"",""c3fd2e01-9e89-4c78-be81-e7d2170cc7f4"",""c8f0326f-79a3-421d-84b4-d0088e689b7d"",""7dd29981-e50f-409a-8fd5-68a29d5ef0d8"",""00c1e06d-5e66-45a2-a322-900b743b58fc"",""05ecdd1e-e2d4-4f42-b27a-7f8fb48f71fd"",""dd8d0bb6-cb73-4028-99f3-66440db3460f"",""ef119b22-adeb-4919-a8f2-2030052341c4"",""11d6bf6e-7ca4-4ed3-ad14-15304649f97f"",""642e36c0-d22a-4adb-ad46-2b041cd5c4fc"",""3bfd146f-f42a-4d23-aef8-1d5b0932f469"",""1410a2b0-1313-40e3-a5eb-32f62a35b7ab""],""minRequired"":0,""allowPerHalf"":true,""internalName"":""Adicionais Pizzas Grandes Salgadas"",""customMessage"":""Turbine sua pizza com esses adicionais"",""applyToHalfPizza"":true}]",false,pizza,true,2,false,,"[{""id"":""429ed7dc-d200-4a74-a464-462bb2139ade"",""name"":""🍯 Doce de Leite"",""available"":true,""description"":"""",""additionalPrice"":15},{""id"":""5afc6eb7-e4c0-4f09-8fe0-70b203810677"",""name"":""🧀 Cheddar"",""available"":true,""description"":"""",""additionalPrice"":15},{""id"":""880cbc22-7f38-4c19-b43c-ef3cdb169b7d"",""name"":""🧀 Catupiry"",""available"":true,""description"":"""",""additionalPrice"":15},{""id"":""139807d7-f35f-43fb-a346-7f79cf615466"",""name"":""🤎 Chocolate"",""available"":true,""description"":"""",""additionalPrice"":15}]",0,false,2026-05-29 02:17:52.336267+00,2026-05-31 14:36:32.948548+00
J0AM53KeXVKKF7h7jpgf,Atumpiry,Atum com catupiry,70,42,https://xiahufkvflyuvzhuhwpm.supabase.co/storage/v1/object/public/imagens-cardapio/Atumpiry-otimizada-31052026112516.webp,grandes-salgadas,[],false,true,true,"[{""id"":""65200a28-fd77-47d6-8d1a-765523d1602b"",""name"":""Adicionais"",""maxAllowed"":10,""variations"":[""f78ebbee-55a3-4455-ae8b-6f67a65415a1"",""579a739b-3dd7-43a1-95bf-4417e13aa85f"",""62412b08-cef0-4c91-bd3d-3f8fe660262b"",""e89d4ef3-40ff-4078-b8f3-f5d37dfed0dd"",""f8fafdb1-96ab-449a-b35e-0124f50a90eb"",""7888ee6b-9c65-4f96-bfc5-771adcdd30b0"",""8b6d8cc8-e5dc-4afc-97e2-91884b35811a"",""91f8df10-9f26-43ef-9b14-fc0e1b2d1bf9"",""d7bd9e30-9304-448e-81df-2dfeaf927cb8"",""3d9f4a17-a09f-4f8b-a6a0-f487bffc51f9"",""c3fd2e01-9e89-4c78-be81-e7d2170cc7f4"",""c8f0326f-79a3-421d-84b4-d0088e689b7d"",""7dd29981-e50f-409a-8fd5-68a29d5ef0d8"",""00c1e06d-5e66-45a2-a322-900b743b58fc"",""05ecdd1e-e2d4-4f42-b27a-7f8fb48f71fd"",""dd8d0bb6-cb73-4028-99f3-66440db3460f"",""ef119b22-adeb-4919-a8f2-2030052341c4"",""11d6bf6e-7ca4-4ed3-ad14-15304649f97f"",""642e36c0-d22a-4adb-ad46-2b041cd5c4fc"",""3bfd146f-f42a-4d23-aef8-1d5b0932f469"",""1410a2b0-1313-40e3-a5eb-32f62a35b7ab""],""minRequired"":0,""allowPerHalf"":true,""internalName"":""Adicionais Pizzas Grandes Salgadas"",""customMessage"":""Turbine sua pizza com esses adicionais"",""applyToHalfPizza"":true}]",false,pizza,true,2,false,,"[{""id"":""429ed7dc-d200-4a74-a464-462bb2139ade"",""name"":""🍯 Doce de Leite"",""available"":true,""description"":"""",""additionalPrice"":15},{""id"":""5afc6eb7-e4c0-4f09-8fe0-70b203810677"",""name"":""🧀 Cheddar"",""available"":true,""description"":"""",""additionalPrice"":15},{""id"":""880cbc22-7f38-4c19-b43c-ef3cdb169b7d"",""name"":""🧀 Catupiry"",""available"":true,""description"":"""",""additionalPrice"":15},{""id"":""139807d7-f35f-43fb-a346-7f79cf615466"",""name"":""🤎 Chocolate"",""available"":true,""description"":"""",""additionalPrice"":15}]",0,false,2026-05-29 02:17:52.336267+00,2026-05-31 14:25:18.315443+00
J5NrGg0K1yawjoBKltBI,Cinco Queijos,"Mussarela, catupiry, provolone, parmesão e gorgonzola",44.5,26.7,https://ugxpfpbwyzefkyhpxqra.supabase.co/storage/v1/object/public/imagens-cardapio/Cinco_Queijos-otimizada-06052026122432.webp,brotos-salgados,[],false,true,false,[],false,pizza,false,2,false,,[],,false,2026-05-29 02:17:52.336267+00,2026-05-29 02:17:52.336267+00
JEeM2SjW7el8DZYX1YRC,Calacatu,"Calabresa fatiada, catupiry e cebola",40.5,24.3,https://ugxpfpbwyzefkyhpxqra.supabase.co/storage/v1/object/public/imagens-cardapio/Calacatu-otimizada-06052026122146.webp,brotos-salgados,[],false,true,false,[],false,pizza,false,2,false,,[],,false,2026-05-29 02:17:52.336267+00,2026-05-29 02:17:52.336267+00
JegRLHD7JB9giLAg5dp5,Peperoni 1	,"Mussarela, pepperoni e tomate	",63,37.8,https://xiahufkvflyuvzhuhwpm.supabase.co/storage/v1/object/public/imagens-cardapio/Peperoni_1-otimizada-31052026113617.webp,grandes-salgadas,[],true,true,true,"[{""id"":""65200a28-fd77-47d6-8d1a-765523d1602b"",""name"":""Adicionais"",""maxAllowed"":10,""variations"":[""f78ebbee-55a3-4455-ae8b-6f67a65415a1"",""579a739b-3dd7-43a1-95bf-4417e13aa85f"",""62412b08-cef0-4c91-bd3d-3f8fe660262b"",""e89d4ef3-40ff-4078-b8f3-f5d37dfed0dd"",""f8fafdb1-96ab-449a-b35e-0124f50a90eb"",""7888ee6b-9c65-4f96-bfc5-771adcdd30b0"",""8b6d8cc8-e5dc-4afc-97e2-91884b35811a"",""91f8df10-9f26-43ef-9b14-fc0e1b2d1bf9"",""d7bd9e30-9304-448e-81df-2dfeaf927cb8"",""3d9f4a17-a09f-4f8b-a6a0-f487bffc51f9"",""c3fd2e01-9e89-4c78-be81-e7d2170cc7f4"",""c8f0326f-79a3-421d-84b4-d0088e689b7d"",""7dd29981-e50f-409a-8fd5-68a29d5ef0d8"",""00c1e06d-5e66-45a2-a322-900b743b58fc"",""05ecdd1e-e2d4-4f42-b27a-7f8fb48f71fd"",""dd8d0bb6-cb73-4028-99f3-66440db3460f"",""ef119b22-adeb-4919-a8f2-2030052341c4"",""11d6bf6e-7ca4-4ed3-ad14-15304649f97f"",""642e36c0-d22a-4adb-ad46-2b041cd5c4fc"",""3bfd146f-f42a-4d23-aef8-1d5b0932f469"",""1410a2b0-1313-40e3-a5eb-32f62a35b7ab""],""minRequired"":0,""allowPerHalf"":true,""internalName"":""Adicionais Pizzas Grandes Salgadas"",""customMessage"":""Turbine sua pizza com esses adicionais"",""applyToHalfPizza"":true}]",false,pizza,true,2,false,,"[{""id"":""429ed7dc-d200-4a74-a464-462bb2139ade"",""name"":""🍯 Doce de Leite"",""available"":true,""description"":"""",""additionalPrice"":15},{""id"":""5afc6eb7-e4c0-4f09-8fe0-70b203810677"",""name"":""🧀 Cheddar"",""available"":true,""description"":"""",""additionalPrice"":15},{""id"":""880cbc22-7f38-4c19-b43c-ef3cdb169b7d"",""name"":""🧀 Catupiry"",""available"":true,""description"":"""",""additionalPrice"":15},{""id"":""139807d7-f35f-43fb-a346-7f79cf615466"",""name"":""🤎 Chocolate"",""available"":true,""description"":"""",""additionalPrice"":15}]",0,false,2026-05-29 02:17:52.336267+00,2026-05-31 14:36:19.623258+00
JJ6FILJdGkvFJdWtNXCE,"Fanta Laranja ","Pet 2L ",16,9.6,https://ugxpfpbwyzefkyhpxqra.supabase.co/storage/v1/object/public/imagens-cardapio/Fanta_Laranja-otimizada-07052026140457.webp,bebidas,[],false,true,false,[],false,padrao,false,2,false,,[],,false,2026-05-29 02:17:52.336267+00,2026-05-29 02:17:52.336267+00
jJqnSWZzllSK97VJ1Lxi,Esfiha Frango c/ Catupiry	,Frango c/ Catupiry,8,4.8,https://ugxpfpbwyzefkyhpxqra.supabase.co/storage/v1/object/public/imagens-cardapio/Frango_com_Catupiry__Oliveira_-otimizada-06052026202654.webp,esfihas,[],false,true,false,[],false,padrao,false,2,false,,[],,false,2026-05-29 02:17:52.336267+00,2026-05-29 02:17:52.336267+00
JNGe46h4lbvOYHMkY0tr,Tomate Seco	,"Tomate seco, mussarela e rúcula",63,37.8,https://xiahufkvflyuvzhuhwpm.supabase.co/storage/v1/object/public/imagens-cardapio/Tomate_Seco-otimizada-31052026113837.webp,grandes-salgadas,[],false,true,true,"[{""id"":""65200a28-fd77-47d6-8d1a-765523d1602b"",""name"":""Adicionais"",""maxAllowed"":10,""variations"":[""f78ebbee-55a3-4455-ae8b-6f67a65415a1"",""579a739b-3dd7-43a1-95bf-4417e13aa85f"",""62412b08-cef0-4c91-bd3d-3f8fe660262b"",""e89d4ef3-40ff-4078-b8f3-f5d37dfed0dd"",""f8fafdb1-96ab-449a-b35e-0124f50a90eb"",""7888ee6b-9c65-4f96-bfc5-771adcdd30b0"",""8b6d8cc8-e5dc-4afc-97e2-91884b35811a"",""91f8df10-9f26-43ef-9b14-fc0e1b2d1bf9"",""d7bd9e30-9304-448e-81df-2dfeaf927cb8"",""3d9f4a17-a09f-4f8b-a6a0-f487bffc51f9"",""c3fd2e01-9e89-4c78-be81-e7d2170cc7f4"",""c8f0326f-79a3-421d-84b4-d0088e689b7d"",""7dd29981-e50f-409a-8fd5-68a29d5ef0d8"",""00c1e06d-5e66-45a2-a322-900b743b58fc"",""05ecdd1e-e2d4-4f42-b27a-7f8fb48f71fd"",""dd8d0bb6-cb73-4028-99f3-66440db3460f"",""ef119b22-adeb-4919-a8f2-2030052341c4"",""11d6bf6e-7ca4-4ed3-ad14-15304649f97f"",""642e36c0-d22a-4adb-ad46-2b041cd5c4fc"",""3bfd146f-f42a-4d23-aef8-1d5b0932f469"",""1410a2b0-1313-40e3-a5eb-32f62a35b7ab""],""minRequired"":0,""allowPerHalf"":true,""internalName"":""Adicionais Pizzas Grandes Salgadas"",""customMessage"":""Turbine sua pizza com esses adicionais"",""applyToHalfPizza"":true}]",false,pizza,true,2,false,,"[{""id"":""429ed7dc-d200-4a74-a464-462bb2139ade"",""name"":""🍯 Doce de Leite"",""available"":true,""description"":"""",""additionalPrice"":15},{""id"":""5afc6eb7-e4c0-4f09-8fe0-70b203810677"",""name"":""🧀 Cheddar"",""available"":true,""description"":"""",""additionalPrice"":15},{""id"":""880cbc22-7f38-4c19-b43c-ef3cdb169b7d"",""name"":""🧀 Catupiry"",""available"":true,""description"":"""",""additionalPrice"":15},{""id"":""139807d7-f35f-43fb-a346-7f79cf615466"",""name"":""🤎 Chocolate"",""available"":true,""description"":"""",""additionalPrice"":15}]",0,false,2026-05-29 02:17:52.336267+00,2026-05-31 14:38:39.081964+00
jR8Sm8VpGcTvYQUzhP9S,Frango Especial 1,"Frango, catupiry, palmito e parmesão",44.5,26.7,https://ugxpfpbwyzefkyhpxqra.supabase.co/storage/v1/object/public/imagens-cardapio/Frango_Especial_1-otimizada-06052026122946.webp,brotos-salgados,[],false,true,false,[],false,pizza,false,2,false,,[],,false,2026-05-29 02:17:52.336267+00,2026-05-29 02:17:52.336267+00
k8pFvV2Uv2CYJ0AZH8tm,Quatro Queijos,"Muçarela, Catupiry. Parmesão e Provolone",55,33,https://xiahufkvflyuvzhuhwpm.supabase.co/storage/v1/object/public/imagens-cardapio/Quatro_Queijos-otimizada-31052026113758.webp,grandes-salgadas,[],false,true,true,"[{""id"":""65200a28-fd77-47d6-8d1a-765523d1602b"",""name"":""Adicionais"",""maxAllowed"":10,""variations"":[""f78ebbee-55a3-4455-ae8b-6f67a65415a1"",""579a739b-3dd7-43a1-95bf-4417e13aa85f"",""62412b08-cef0-4c91-bd3d-3f8fe660262b"",""e89d4ef3-40ff-4078-b8f3-f5d37dfed0dd"",""f8fafdb1-96ab-449a-b35e-0124f50a90eb"",""7888ee6b-9c65-4f96-bfc5-771adcdd30b0"",""8b6d8cc8-e5dc-4afc-97e2-91884b35811a"",""91f8df10-9f26-43ef-9b14-fc0e1b2d1bf9"",""d7bd9e30-9304-448e-81df-2dfeaf927cb8"",""3d9f4a17-a09f-4f8b-a6a0-f487bffc51f9"",""c3fd2e01-9e89-4c78-be81-e7d2170cc7f4"",""c8f0326f-79a3-421d-84b4-d0088e689b7d"",""7dd29981-e50f-409a-8fd5-68a29d5ef0d8"",""00c1e06d-5e66-45a2-a322-900b743b58fc"",""05ecdd1e-e2d4-4f42-b27a-7f8fb48f71fd"",""dd8d0bb6-cb73-4028-99f3-66440db3460f"",""ef119b22-adeb-4919-a8f2-2030052341c4"",""11d6bf6e-7ca4-4ed3-ad14-15304649f97f"",""642e36c0-d22a-4adb-ad46-2b041cd5c4fc"",""3bfd146f-f42a-4d23-aef8-1d5b0932f469"",""1410a2b0-1313-40e3-a5eb-32f62a35b7ab""],""minRequired"":0,""allowPerHalf"":true,""internalName"":""Adicionais Pizzas Grandes Salgadas"",""customMessage"":""Turbine sua pizza com esses adicionais"",""applyToHalfPizza"":true}]",false,pizza,true,2,false,,"[{""id"":""429ed7dc-d200-4a74-a464-462bb2139ade"",""name"":""🍯 Doce de Leite"",""available"":true,""description"":"""",""additionalPrice"":15},{""id"":""5afc6eb7-e4c0-4f09-8fe0-70b203810677"",""name"":""🧀 Cheddar"",""available"":true,""description"":"""",""additionalPrice"":15},{""id"":""880cbc22-7f38-4c19-b43c-ef3cdb169b7d"",""name"":""🧀 Catupiry"",""available"":true,""description"":"""",""additionalPrice"":15},{""id"":""139807d7-f35f-43fb-a346-7f79cf615466"",""name"":""🤎 Chocolate"",""available"":true,""description"":"""",""additionalPrice"":15}]",0,false,2026-05-29 02:17:52.336267+00,2026-05-31 14:38:00.445946+00
KFpm96dWA2uJ0ArBShDz,Chocolate & Confetes,"Chocolate com confetes de chocolate ""M&M""",51,30.6,https://aealgiyzbenbhhftwkxb.supabase.co/storage/v1/object/public/imagens-cardapio/z36yqbzi16r_1777645114833.webp,grandes-doces,[],false,true,true,"[{""id"":""65200a28-fd77-47d6-8d1a-765523d1602b"",""name"":""Adicionais"",""maxAllowed"":10,""variations"":[""f78ebbee-55a3-4455-ae8b-6f67a65415a1"",""579a739b-3dd7-43a1-95bf-4417e13aa85f"",""62412b08-cef0-4c91-bd3d-3f8fe660262b"",""e89d4ef3-40ff-4078-b8f3-f5d37dfed0dd"",""f8fafdb1-96ab-449a-b35e-0124f50a90eb"",""7888ee6b-9c65-4f96-bfc5-771adcdd30b0"",""8b6d8cc8-e5dc-4afc-97e2-91884b35811a"",""91f8df10-9f26-43ef-9b14-fc0e1b2d1bf9"",""d7bd9e30-9304-448e-81df-2dfeaf927cb8"",""3d9f4a17-a09f-4f8b-a6a0-f487bffc51f9"",""c3fd2e01-9e89-4c78-be81-e7d2170cc7f4"",""c8f0326f-79a3-421d-84b4-d0088e689b7d"",""7dd29981-e50f-409a-8fd5-68a29d5ef0d8"",""00c1e06d-5e66-45a2-a322-900b743b58fc"",""05ecdd1e-e2d4-4f42-b27a-7f8fb48f71fd"",""dd8d0bb6-cb73-4028-99f3-66440db3460f"",""ef119b22-adeb-4919-a8f2-2030052341c4"",""11d6bf6e-7ca4-4ed3-ad14-15304649f97f"",""642e36c0-d22a-4adb-ad46-2b041cd5c4fc"",""3bfd146f-f42a-4d23-aef8-1d5b0932f469"",""1410a2b0-1313-40e3-a5eb-32f62a35b7ab""],""minRequired"":0,""allowPerHalf"":true,""internalName"":""Adicionais Pizzas Grandes Salgadas"",""customMessage"":""Turbine sua pizza com esses adicionais"",""applyToHalfPizza"":true}]",false,pizza,true,2,false,,"[{""id"":""429ed7dc-d200-4a74-a464-462bb2139ade"",""name"":""🍯 Doce de Leite"",""available"":true,""description"":"""",""additionalPrice"":15},{""id"":""5afc6eb7-e4c0-4f09-8fe0-70b203810677"",""name"":""🧀 Cheddar"",""available"":true,""description"":"""",""additionalPrice"":15},{""id"":""880cbc22-7f38-4c19-b43c-ef3cdb169b7d"",""name"":""🧀 Catupiry"",""available"":true,""description"":"""",""additionalPrice"":15},{""id"":""139807d7-f35f-43fb-a346-7f79cf615466"",""name"":""🤎 Chocolate"",""available"":true,""description"":"""",""additionalPrice"":15}]",0,false,2026-05-29 02:17:52.336267+00,2026-06-13 21:16:39.887267+00
kmc2fnRUjctJ97Pu2FWT,Peito de Peru 1,"Peito de peru, catupiry, bacon e parmesão",55,33,https://xiahufkvflyuvzhuhwpm.supabase.co/storage/v1/object/public/imagens-cardapio/Peito_de_Peru_1-otimizada-31052026113551.webp,grandes-salgadas,[],false,true,true,"[{""id"":""65200a28-fd77-47d6-8d1a-765523d1602b"",""name"":""Adicionais"",""maxAllowed"":10,""variations"":[""f78ebbee-55a3-4455-ae8b-6f67a65415a1"",""579a739b-3dd7-43a1-95bf-4417e13aa85f"",""62412b08-cef0-4c91-bd3d-3f8fe660262b"",""e89d4ef3-40ff-4078-b8f3-f5d37dfed0dd"",""f8fafdb1-96ab-449a-b35e-0124f50a90eb"",""7888ee6b-9c65-4f96-bfc5-771adcdd30b0"",""8b6d8cc8-e5dc-4afc-97e2-91884b35811a"",""91f8df10-9f26-43ef-9b14-fc0e1b2d1bf9"",""d7bd9e30-9304-448e-81df-2dfeaf927cb8"",""3d9f4a17-a09f-4f8b-a6a0-f487bffc51f9"",""c3fd2e01-9e89-4c78-be81-e7d2170cc7f4"",""c8f0326f-79a3-421d-84b4-d0088e689b7d"",""7dd29981-e50f-409a-8fd5-68a29d5ef0d8"",""00c1e06d-5e66-45a2-a322-900b743b58fc"",""05ecdd1e-e2d4-4f42-b27a-7f8fb48f71fd"",""dd8d0bb6-cb73-4028-99f3-66440db3460f"",""ef119b22-adeb-4919-a8f2-2030052341c4"",""11d6bf6e-7ca4-4ed3-ad14-15304649f97f"",""642e36c0-d22a-4adb-ad46-2b041cd5c4fc"",""3bfd146f-f42a-4d23-aef8-1d5b0932f469"",""1410a2b0-1313-40e3-a5eb-32f62a35b7ab""],""minRequired"":0,""allowPerHalf"":true,""internalName"":""Adicionais Pizzas Grandes Salgadas"",""customMessage"":""Turbine sua pizza com esses adicionais"",""applyToHalfPizza"":true}]",false,pizza,true,2,false,,"[{""id"":""429ed7dc-d200-4a74-a464-462bb2139ade"",""name"":""🍯 Doce de Leite"",""available"":true,""description"":"""",""additionalPrice"":15},{""id"":""5afc6eb7-e4c0-4f09-8fe0-70b203810677"",""name"":""🧀 Cheddar"",""available"":true,""description"":"""",""additionalPrice"":15},{""id"":""880cbc22-7f38-4c19-b43c-ef3cdb169b7d"",""name"":""🧀 Catupiry"",""available"":true,""description"":"""",""additionalPrice"":15},{""id"":""139807d7-f35f-43fb-a346-7f79cf615466"",""name"":""🤎 Chocolate"",""available"":true,""description"":"""",""additionalPrice"":15}]",0,false,2026-05-29 02:17:52.336267+00,2026-05-31 14:35:53.387532+00
kqBLQzWq0jci9EZxSmRw,Atum,Atum e Cebola,45,27,https://ugxpfpbwyzefkyhpxqra.supabase.co/storage/v1/object/public/imagens-cardapio/Broto_Atum__Pizzaria_Oliveira__IA-otimizada-06052026120325.webp,brotos-salgados,[],false,true,false,[],false,pizza,false,2,false,,[],,false,2026-05-29 02:17:52.336267+00,2026-05-29 02:17:52.336267+00
KRu6gtqWjHu8xUymzqmL,Palmito 1,"Palmito, cebola e mussarela	",40.5,24.3,https://ugxpfpbwyzefkyhpxqra.supabase.co/storage/v1/object/public/imagens-cardapio/Palmito_1-otimizada-06052026123907.webp,brotos-salgados,[],false,true,false,[],false,pizza,false,2,false,,[],,false,2026-05-29 02:17:52.336267+00,2026-05-29 02:17:52.336267+00
KZUUVM2Fb1cCOk615q04,Lombo 1,"Lombo, mussarela e bacon",40.5,24.3,https://ugxpfpbwyzefkyhpxqra.supabase.co/storage/v1/object/public/imagens-cardapio/Lombo_1-otimizada-06052026123221.webp,brotos-salgados,[],false,true,false,[],false,pizza,false,2,false,,[],,false,2026-05-29 02:17:52.336267+00,2026-05-29 02:17:52.336267+00
L8vjXdMVLcTGfbv4bZP2,Choconana,Banana e chocolate ao leite	,38.5,23.1,https://ugxpfpbwyzefkyhpxqra.supabase.co/storage/v1/object/public/imagens-cardapio/Choconana-otimizada-06052026111405.webp,brotos-doces,[],false,true,false,[],false,pizza,true,2,false,,[],,false,2026-05-29 02:17:52.336267+00,2026-05-29 02:17:52.336267+00
LPpVcf5q8xza9KwGao2P,Abobrinha 2,"Mussarela, abobrinha, parmesão e alho frito",54,32.4,https://xiahufkvflyuvzhuhwpm.supabase.co/storage/v1/object/public/imagens-cardapio/Abobrinha2-otimizada-31052026112324.webp,grandes-salgadas,[],false,true,true,"[{""id"":""65200a28-fd77-47d6-8d1a-765523d1602b"",""name"":""Adicionais"",""maxAllowed"":10,""variations"":[""f78ebbee-55a3-4455-ae8b-6f67a65415a1"",""579a739b-3dd7-43a1-95bf-4417e13aa85f"",""62412b08-cef0-4c91-bd3d-3f8fe660262b"",""e89d4ef3-40ff-4078-b8f3-f5d37dfed0dd"",""f8fafdb1-96ab-449a-b35e-0124f50a90eb"",""7888ee6b-9c65-4f96-bfc5-771adcdd30b0"",""8b6d8cc8-e5dc-4afc-97e2-91884b35811a"",""91f8df10-9f26-43ef-9b14-fc0e1b2d1bf9"",""d7bd9e30-9304-448e-81df-2dfeaf927cb8"",""3d9f4a17-a09f-4f8b-a6a0-f487bffc51f9"",""c3fd2e01-9e89-4c78-be81-e7d2170cc7f4"",""c8f0326f-79a3-421d-84b4-d0088e689b7d"",""7dd29981-e50f-409a-8fd5-68a29d5ef0d8"",""00c1e06d-5e66-45a2-a322-900b743b58fc"",""05ecdd1e-e2d4-4f42-b27a-7f8fb48f71fd"",""dd8d0bb6-cb73-4028-99f3-66440db3460f"",""ef119b22-adeb-4919-a8f2-2030052341c4"",""11d6bf6e-7ca4-4ed3-ad14-15304649f97f"",""642e36c0-d22a-4adb-ad46-2b041cd5c4fc"",""3bfd146f-f42a-4d23-aef8-1d5b0932f469"",""1410a2b0-1313-40e3-a5eb-32f62a35b7ab""],""minRequired"":0,""allowPerHalf"":true,""internalName"":""Adicionais Pizzas Grandes Salgadas"",""customMessage"":""Turbine sua pizza com esses adicionais"",""applyToHalfPizza"":true}]",false,pizza,true,2,false,,"[{""id"":""429ed7dc-d200-4a74-a464-462bb2139ade"",""name"":""🍯 Doce de Leite"",""available"":true,""description"":"""",""additionalPrice"":15},{""id"":""5afc6eb7-e4c0-4f09-8fe0-70b203810677"",""name"":""🧀 Cheddar"",""available"":true,""description"":"""",""additionalPrice"":15},{""id"":""880cbc22-7f38-4c19-b43c-ef3cdb169b7d"",""name"":""🧀 Catupiry"",""available"":true,""description"":"""",""additionalPrice"":15},{""id"":""139807d7-f35f-43fb-a346-7f79cf615466"",""name"":""🤎 Chocolate"",""available"":true,""description"":"""",""additionalPrice"":15}]",0,false,2026-05-29 02:17:52.336267+00,2026-05-31 14:23:26.673852+00
LQMg0GnYqoIfbI03qkTY,Lombo Especial,"Lombo, mussarela, champignon, bacon e parmesão",44.5,26.7,https://ugxpfpbwyzefkyhpxqra.supabase.co/storage/v1/object/public/imagens-cardapio/Lombo_Especial-otimizada-06052026123316.webp,brotos-salgados,[],false,true,false,[],false,pizza,false,2,false,,[],,false,2026-05-29 02:17:52.336267+00,2026-05-29 02:17:52.336267+00
LsXb5LjOzKeQwrf065xl,Esfiha Calabresa c/ Catupiry	,Calabresa c/ Catupiry,8,4.8,https://ugxpfpbwyzefkyhpxqra.supabase.co/storage/v1/object/public/imagens-cardapio/Calabresa_com_Catupiry__Oliveira_-otimizada-06052026201726.webp,esfihas,[],false,true,false,[],false,padrao,false,2,false,,[],,false,2026-05-29 02:17:52.336267+00,2026-05-29 02:17:52.336267+00
M1nNfVitVL4wX6E47QhR,Banana Nevada	,Banana e chocolate branco	,51,30.6,https://aealgiyzbenbhhftwkxb.supabase.co/storage/v1/object/public/imagens-cardapio/2maz31oh4h4_1777645058825.webp,grandes-doces,[],false,true,true,"[{""id"":""65200a28-fd77-47d6-8d1a-765523d1602b"",""name"":""Adicionais"",""maxAllowed"":10,""variations"":[""f78ebbee-55a3-4455-ae8b-6f67a65415a1"",""579a739b-3dd7-43a1-95bf-4417e13aa85f"",""62412b08-cef0-4c91-bd3d-3f8fe660262b"",""e89d4ef3-40ff-4078-b8f3-f5d37dfed0dd"",""f8fafdb1-96ab-449a-b35e-0124f50a90eb"",""7888ee6b-9c65-4f96-bfc5-771adcdd30b0"",""8b6d8cc8-e5dc-4afc-97e2-91884b35811a"",""91f8df10-9f26-43ef-9b14-fc0e1b2d1bf9"",""d7bd9e30-9304-448e-81df-2dfeaf927cb8"",""3d9f4a17-a09f-4f8b-a6a0-f487bffc51f9"",""c3fd2e01-9e89-4c78-be81-e7d2170cc7f4"",""c8f0326f-79a3-421d-84b4-d0088e689b7d"",""7dd29981-e50f-409a-8fd5-68a29d5ef0d8"",""00c1e06d-5e66-45a2-a322-900b743b58fc"",""05ecdd1e-e2d4-4f42-b27a-7f8fb48f71fd"",""dd8d0bb6-cb73-4028-99f3-66440db3460f"",""ef119b22-adeb-4919-a8f2-2030052341c4"",""11d6bf6e-7ca4-4ed3-ad14-15304649f97f"",""642e36c0-d22a-4adb-ad46-2b041cd5c4fc"",""3bfd146f-f42a-4d23-aef8-1d5b0932f469"",""1410a2b0-1313-40e3-a5eb-32f62a35b7ab""],""minRequired"":0,""allowPerHalf"":true,""internalName"":""Adicionais Pizzas Grandes Salgadas"",""customMessage"":""Turbine sua pizza com esses adicionais"",""applyToHalfPizza"":true}]",false,pizza,true,2,false,,"[{""id"":""429ed7dc-d200-4a74-a464-462bb2139ade"",""name"":""🍯 Doce de Leite"",""available"":true,""description"":"""",""additionalPrice"":15},{""id"":""5afc6eb7-e4c0-4f09-8fe0-70b203810677"",""name"":""🧀 Cheddar"",""available"":true,""description"":"""",""additionalPrice"":15},{""id"":""880cbc22-7f38-4c19-b43c-ef3cdb169b7d"",""name"":""🧀 Catupiry"",""available"":true,""description"":"""",""additionalPrice"":15},{""id"":""139807d7-f35f-43fb-a346-7f79cf615466"",""name"":""🤎 Chocolate"",""available"":true,""description"":"""",""additionalPrice"":15}]",0,false,2026-05-29 02:17:52.336267+00,2026-06-13 21:16:39.887267+00
MdKEWaml9jbZwcw0Pq2k,Polonesa,"Palmito, calabresa, champignon, mussarela e presunto	",44.5,26.7,https://ugxpfpbwyzefkyhpxqra.supabase.co/storage/v1/object/public/imagens-cardapio/Polonesa-otimizada-06052026124205.webp,brotos-salgados,[],false,true,false,[],false,pizza,false,2,false,,[],,false,2026-05-29 02:17:52.336267+00,2026-05-29 02:17:52.336267+00
mfrtGqZNVrloTzzaOgAb,Atumssarela,Atum e Mussarela,70,42,https://xiahufkvflyuvzhuhwpm.supabase.co/storage/v1/object/public/imagens-cardapio/Atumssarela-otimizada-31052026112526.webp,grandes-salgadas,[],false,true,true,"[{""id"":""65200a28-fd77-47d6-8d1a-765523d1602b"",""name"":""Adicionais"",""maxAllowed"":10,""variations"":[""f78ebbee-55a3-4455-ae8b-6f67a65415a1"",""579a739b-3dd7-43a1-95bf-4417e13aa85f"",""62412b08-cef0-4c91-bd3d-3f8fe660262b"",""e89d4ef3-40ff-4078-b8f3-f5d37dfed0dd"",""f8fafdb1-96ab-449a-b35e-0124f50a90eb"",""7888ee6b-9c65-4f96-bfc5-771adcdd30b0"",""8b6d8cc8-e5dc-4afc-97e2-91884b35811a"",""91f8df10-9f26-43ef-9b14-fc0e1b2d1bf9"",""d7bd9e30-9304-448e-81df-2dfeaf927cb8"",""3d9f4a17-a09f-4f8b-a6a0-f487bffc51f9"",""c3fd2e01-9e89-4c78-be81-e7d2170cc7f4"",""c8f0326f-79a3-421d-84b4-d0088e689b7d"",""7dd29981-e50f-409a-8fd5-68a29d5ef0d8"",""00c1e06d-5e66-45a2-a322-900b743b58fc"",""05ecdd1e-e2d4-4f42-b27a-7f8fb48f71fd"",""dd8d0bb6-cb73-4028-99f3-66440db3460f"",""ef119b22-adeb-4919-a8f2-2030052341c4"",""11d6bf6e-7ca4-4ed3-ad14-15304649f97f"",""642e36c0-d22a-4adb-ad46-2b041cd5c4fc"",""3bfd146f-f42a-4d23-aef8-1d5b0932f469"",""1410a2b0-1313-40e3-a5eb-32f62a35b7ab""],""minRequired"":0,""allowPerHalf"":true,""internalName"":""Adicionais Pizzas Grandes Salgadas"",""customMessage"":""Turbine sua pizza com esses adicionais"",""applyToHalfPizza"":true}]",false,pizza,true,2,false,,"[{""id"":""429ed7dc-d200-4a74-a464-462bb2139ade"",""name"":""🍯 Doce de Leite"",""available"":true,""description"":"""",""additionalPrice"":15},{""id"":""5afc6eb7-e4c0-4f09-8fe0-70b203810677"",""name"":""🧀 Cheddar"",""available"":true,""description"":"""",""additionalPrice"":15},{""id"":""880cbc22-7f38-4c19-b43c-ef3cdb169b7d"",""name"":""🧀 Catupiry"",""available"":true,""description"":"""",""additionalPrice"":15},{""id"":""139807d7-f35f-43fb-a346-7f79cf615466"",""name"":""🤎 Chocolate"",""available"":true,""description"":"""",""additionalPrice"":15}]",0,false,2026-05-29 02:17:52.336267+00,2026-05-31 14:25:27.994174+00
mg09KI3CKhB3DziZmTk9,Siciliana,"Mussarela, bacon, champignon e parmesão	",40.5,24.3,https://ugxpfpbwyzefkyhpxqra.supabase.co/storage/v1/object/public/imagens-cardapio/Siciliana-otimizada-06052026124444.webp,brotos-salgados,[],false,true,false,[],false,pizza,false,2,false,,[],,false,2026-05-29 02:17:52.336267+00,2026-05-29 02:17:52.336267+00
MjMZcYkpBZTOe1WNxmWy,Brigadeiro,demais,51,30.6,https://aealgiyzbenbhhftwkxb.supabase.co/storage/v1/object/public/imagens-cardapio/rtpom8twlsa_1777645086242.webp,grandes-doces,[],false,true,true,"[{""id"":""65200a28-fd77-47d6-8d1a-765523d1602b"",""name"":""Adicionais"",""maxAllowed"":10,""variations"":[""f78ebbee-55a3-4455-ae8b-6f67a65415a1"",""579a739b-3dd7-43a1-95bf-4417e13aa85f"",""62412b08-cef0-4c91-bd3d-3f8fe660262b"",""e89d4ef3-40ff-4078-b8f3-f5d37dfed0dd"",""f8fafdb1-96ab-449a-b35e-0124f50a90eb"",""7888ee6b-9c65-4f96-bfc5-771adcdd30b0"",""8b6d8cc8-e5dc-4afc-97e2-91884b35811a"",""91f8df10-9f26-43ef-9b14-fc0e1b2d1bf9"",""d7bd9e30-9304-448e-81df-2dfeaf927cb8"",""3d9f4a17-a09f-4f8b-a6a0-f487bffc51f9"",""c3fd2e01-9e89-4c78-be81-e7d2170cc7f4"",""c8f0326f-79a3-421d-84b4-d0088e689b7d"",""7dd29981-e50f-409a-8fd5-68a29d5ef0d8"",""00c1e06d-5e66-45a2-a322-900b743b58fc"",""05ecdd1e-e2d4-4f42-b27a-7f8fb48f71fd"",""dd8d0bb6-cb73-4028-99f3-66440db3460f"",""ef119b22-adeb-4919-a8f2-2030052341c4"",""11d6bf6e-7ca4-4ed3-ad14-15304649f97f"",""642e36c0-d22a-4adb-ad46-2b041cd5c4fc"",""3bfd146f-f42a-4d23-aef8-1d5b0932f469"",""1410a2b0-1313-40e3-a5eb-32f62a35b7ab""],""minRequired"":0,""allowPerHalf"":true,""internalName"":""Adicionais Pizzas Grandes Salgadas"",""customMessage"":""Turbine sua pizza com esses adicionais"",""applyToHalfPizza"":true}]",false,pizza,true,2,false,,"[{""id"":""429ed7dc-d200-4a74-a464-462bb2139ade"",""name"":""🍯 Doce de Leite"",""available"":true,""description"":"""",""additionalPrice"":15},{""id"":""5afc6eb7-e4c0-4f09-8fe0-70b203810677"",""name"":""🧀 Cheddar"",""available"":true,""description"":"""",""additionalPrice"":15},{""id"":""880cbc22-7f38-4c19-b43c-ef3cdb169b7d"",""name"":""🧀 Catupiry"",""available"":true,""description"":"""",""additionalPrice"":15},{""id"":""139807d7-f35f-43fb-a346-7f79cf615466"",""name"":""🤎 Chocolate"",""available"":true,""description"":"""",""additionalPrice"":15}]",0,false,2026-05-29 02:17:52.336267+00,2026-06-13 21:16:39.887267+00
mK3uKaHHm4SEfJF8wqrv,Bis,Chocolate ao leite e Bis	,38.5,23.1,https://ugxpfpbwyzefkyhpxqra.supabase.co/storage/v1/object/public/imagens-cardapio/bis-otimizada-06052026111221.webp,brotos-doces,[],false,true,false,[],false,pizza,true,2,false,,[],,false,2026-05-29 02:17:52.336267+00,2026-05-29 02:17:52.336267+00
mqFNXu9xXav0U3LQ1xIT,Calabresa com Mussarela,Calabresa e mussarela,55,33,https://xiahufkvflyuvzhuhwpm.supabase.co/storage/v1/object/public/imagens-cardapio/Calabresa_com_Mussarela-otimizada-31052026112752.webp,grandes-salgadas,[],false,true,true,"[{""id"":""65200a28-fd77-47d6-8d1a-765523d1602b"",""name"":""Adicionais"",""maxAllowed"":10,""variations"":[""f78ebbee-55a3-4455-ae8b-6f67a65415a1"",""579a739b-3dd7-43a1-95bf-4417e13aa85f"",""62412b08-cef0-4c91-bd3d-3f8fe660262b"",""e89d4ef3-40ff-4078-b8f3-f5d37dfed0dd"",""f8fafdb1-96ab-449a-b35e-0124f50a90eb"",""7888ee6b-9c65-4f96-bfc5-771adcdd30b0"",""8b6d8cc8-e5dc-4afc-97e2-91884b35811a"",""91f8df10-9f26-43ef-9b14-fc0e1b2d1bf9"",""d7bd9e30-9304-448e-81df-2dfeaf927cb8"",""3d9f4a17-a09f-4f8b-a6a0-f487bffc51f9"",""c3fd2e01-9e89-4c78-be81-e7d2170cc7f4"",""c8f0326f-79a3-421d-84b4-d0088e689b7d"",""7dd29981-e50f-409a-8fd5-68a29d5ef0d8"",""00c1e06d-5e66-45a2-a322-900b743b58fc"",""05ecdd1e-e2d4-4f42-b27a-7f8fb48f71fd"",""dd8d0bb6-cb73-4028-99f3-66440db3460f"",""ef119b22-adeb-4919-a8f2-2030052341c4"",""11d6bf6e-7ca4-4ed3-ad14-15304649f97f"",""642e36c0-d22a-4adb-ad46-2b041cd5c4fc"",""3bfd146f-f42a-4d23-aef8-1d5b0932f469"",""1410a2b0-1313-40e3-a5eb-32f62a35b7ab""],""minRequired"":0,""allowPerHalf"":true,""internalName"":""Adicionais Pizzas Grandes Salgadas"",""customMessage"":""Turbine sua pizza com esses adicionais"",""applyToHalfPizza"":true}]",false,pizza,true,2,false,,"[{""id"":""429ed7dc-d200-4a74-a464-462bb2139ade"",""name"":""🍯 Doce de Leite"",""available"":true,""description"":"""",""additionalPrice"":15},{""id"":""5afc6eb7-e4c0-4f09-8fe0-70b203810677"",""name"":""🧀 Cheddar"",""available"":true,""description"":"""",""additionalPrice"":15},{""id"":""880cbc22-7f38-4c19-b43c-ef3cdb169b7d"",""name"":""🧀 Catupiry"",""available"":true,""description"":"""",""additionalPrice"":15},{""id"":""139807d7-f35f-43fb-a346-7f79cf615466"",""name"":""🤎 Chocolate"",""available"":true,""description"":"""",""additionalPrice"":15}]",0,false,2026-05-29 02:17:52.336267+00,2026-05-31 14:27:53.669536+00
mTmZHZc7R1Lp3NB3LyXE,Polonesa,"Palmito, calabresa, champignon, mussarela e presunto	",63,37.8,https://xiahufkvflyuvzhuhwpm.supabase.co/storage/v1/object/public/imagens-cardapio/Polonesa-otimizada-31052026113655.webp,grandes-salgadas,[],false,true,true,"[{""id"":""65200a28-fd77-47d6-8d1a-765523d1602b"",""name"":""Adicionais"",""maxAllowed"":10,""variations"":[""f78ebbee-55a3-4455-ae8b-6f67a65415a1"",""579a739b-3dd7-43a1-95bf-4417e13aa85f"",""62412b08-cef0-4c91-bd3d-3f8fe660262b"",""e89d4ef3-40ff-4078-b8f3-f5d37dfed0dd"",""f8fafdb1-96ab-449a-b35e-0124f50a90eb"",""7888ee6b-9c65-4f96-bfc5-771adcdd30b0"",""8b6d8cc8-e5dc-4afc-97e2-91884b35811a"",""91f8df10-9f26-43ef-9b14-fc0e1b2d1bf9"",""d7bd9e30-9304-448e-81df-2dfeaf927cb8"",""3d9f4a17-a09f-4f8b-a6a0-f487bffc51f9"",""c3fd2e01-9e89-4c78-be81-e7d2170cc7f4"",""c8f0326f-79a3-421d-84b4-d0088e689b7d"",""7dd29981-e50f-409a-8fd5-68a29d5ef0d8"",""00c1e06d-5e66-45a2-a322-900b743b58fc"",""05ecdd1e-e2d4-4f42-b27a-7f8fb48f71fd"",""dd8d0bb6-cb73-4028-99f3-66440db3460f"",""ef119b22-adeb-4919-a8f2-2030052341c4"",""11d6bf6e-7ca4-4ed3-ad14-15304649f97f"",""642e36c0-d22a-4adb-ad46-2b041cd5c4fc"",""3bfd146f-f42a-4d23-aef8-1d5b0932f469"",""1410a2b0-1313-40e3-a5eb-32f62a35b7ab""],""minRequired"":0,""allowPerHalf"":true,""internalName"":""Adicionais Pizzas Grandes Salgadas"",""customMessage"":""Turbine sua pizza com esses adicionais"",""applyToHalfPizza"":true}]",false,pizza,true,2,false,,"[{""id"":""429ed7dc-d200-4a74-a464-462bb2139ade"",""name"":""🍯 Doce de Leite"",""available"":true,""description"":"""",""additionalPrice"":15},{""id"":""5afc6eb7-e4c0-4f09-8fe0-70b203810677"",""name"":""🧀 Cheddar"",""available"":true,""description"":"""",""additionalPrice"":15},{""id"":""880cbc22-7f38-4c19-b43c-ef3cdb169b7d"",""name"":""🧀 Catupiry"",""available"":true,""description"":"""",""additionalPrice"":15},{""id"":""139807d7-f35f-43fb-a346-7f79cf615466"",""name"":""🤎 Chocolate"",""available"":true,""description"":"""",""additionalPrice"":15}]",0,false,2026-05-29 02:17:52.336267+00,2026-05-31 14:36:57.144137+00
mxkRLFii7pHMiRsu81qz,Frango Especial 1,"Frango, catupiry, palmito e parmesão",63,37.8,https://xiahufkvflyuvzhuhwpm.supabase.co/storage/v1/object/public/imagens-cardapio/Frango_Especial_1-otimizada-31052026113134.webp,grandes-salgadas,[],false,true,true,"[{""id"":""65200a28-fd77-47d6-8d1a-765523d1602b"",""name"":""Adicionais"",""maxAllowed"":10,""variations"":[""f78ebbee-55a3-4455-ae8b-6f67a65415a1"",""579a739b-3dd7-43a1-95bf-4417e13aa85f"",""62412b08-cef0-4c91-bd3d-3f8fe660262b"",""e89d4ef3-40ff-4078-b8f3-f5d37dfed0dd"",""f8fafdb1-96ab-449a-b35e-0124f50a90eb"",""7888ee6b-9c65-4f96-bfc5-771adcdd30b0"",""8b6d8cc8-e5dc-4afc-97e2-91884b35811a"",""91f8df10-9f26-43ef-9b14-fc0e1b2d1bf9"",""d7bd9e30-9304-448e-81df-2dfeaf927cb8"",""3d9f4a17-a09f-4f8b-a6a0-f487bffc51f9"",""c3fd2e01-9e89-4c78-be81-e7d2170cc7f4"",""c8f0326f-79a3-421d-84b4-d0088e689b7d"",""7dd29981-e50f-409a-8fd5-68a29d5ef0d8"",""00c1e06d-5e66-45a2-a322-900b743b58fc"",""05ecdd1e-e2d4-4f42-b27a-7f8fb48f71fd"",""dd8d0bb6-cb73-4028-99f3-66440db3460f"",""ef119b22-adeb-4919-a8f2-2030052341c4"",""11d6bf6e-7ca4-4ed3-ad14-15304649f97f"",""642e36c0-d22a-4adb-ad46-2b041cd5c4fc"",""3bfd146f-f42a-4d23-aef8-1d5b0932f469"",""1410a2b0-1313-40e3-a5eb-32f62a35b7ab""],""minRequired"":0,""allowPerHalf"":true,""internalName"":""Adicionais Pizzas Grandes Salgadas"",""customMessage"":""Turbine sua pizza com esses adicionais"",""applyToHalfPizza"":true}]",false,pizza,true,2,false,,"[{""id"":""429ed7dc-d200-4a74-a464-462bb2139ade"",""name"":""🍯 Doce de Leite"",""available"":true,""description"":"""",""additionalPrice"":15},{""id"":""5afc6eb7-e4c0-4f09-8fe0-70b203810677"",""name"":""🧀 Cheddar"",""available"":true,""description"":"""",""additionalPrice"":15},{""id"":""880cbc22-7f38-4c19-b43c-ef3cdb169b7d"",""name"":""🧀 Catupiry"",""available"":true,""description"":"""",""additionalPrice"":15},{""id"":""139807d7-f35f-43fb-a346-7f79cf615466"",""name"":""🤎 Chocolate"",""available"":true,""description"":"""",""additionalPrice"":15}]",0,false,2026-05-29 02:17:52.336267+00,2026-05-31 14:31:36.558452+00
N2pIfYwn1TWDomBL3q8s,Lombo 2,"Lombo, requeijão de copo, bacon e parmesão",42.5,25.5,https://ugxpfpbwyzefkyhpxqra.supabase.co/storage/v1/object/public/imagens-cardapio/Lombo_2-otimizada-06052026123243.webp,brotos-salgados,[],false,true,false,[],false,pizza,false,2,false,,[],,false,2026-05-29 02:17:52.336267+00,2026-05-29 02:17:52.336267+00
N7ojLbuwMJJHTwtlwYFY,Doritos 2,"Mussarela, catupiry e doritos",63,37.8,https://xiahufkvflyuvzhuhwpm.supabase.co/storage/v1/object/public/imagens-cardapio/Doritos_2-otimizada-31052026112953.webp,grandes-salgadas,[],false,true,true,"[{""id"":""65200a28-fd77-47d6-8d1a-765523d1602b"",""name"":""Adicionais"",""maxAllowed"":10,""variations"":[""f78ebbee-55a3-4455-ae8b-6f67a65415a1"",""579a739b-3dd7-43a1-95bf-4417e13aa85f"",""62412b08-cef0-4c91-bd3d-3f8fe660262b"",""e89d4ef3-40ff-4078-b8f3-f5d37dfed0dd"",""f8fafdb1-96ab-449a-b35e-0124f50a90eb"",""7888ee6b-9c65-4f96-bfc5-771adcdd30b0"",""8b6d8cc8-e5dc-4afc-97e2-91884b35811a"",""91f8df10-9f26-43ef-9b14-fc0e1b2d1bf9"",""d7bd9e30-9304-448e-81df-2dfeaf927cb8"",""3d9f4a17-a09f-4f8b-a6a0-f487bffc51f9"",""c3fd2e01-9e89-4c78-be81-e7d2170cc7f4"",""c8f0326f-79a3-421d-84b4-d0088e689b7d"",""7dd29981-e50f-409a-8fd5-68a29d5ef0d8"",""00c1e06d-5e66-45a2-a322-900b743b58fc"",""05ecdd1e-e2d4-4f42-b27a-7f8fb48f71fd"",""dd8d0bb6-cb73-4028-99f3-66440db3460f"",""ef119b22-adeb-4919-a8f2-2030052341c4"",""11d6bf6e-7ca4-4ed3-ad14-15304649f97f"",""642e36c0-d22a-4adb-ad46-2b041cd5c4fc"",""3bfd146f-f42a-4d23-aef8-1d5b0932f469"",""1410a2b0-1313-40e3-a5eb-32f62a35b7ab""],""minRequired"":0,""allowPerHalf"":true,""internalName"":""Adicionais Pizzas Grandes Salgadas"",""customMessage"":""Turbine sua pizza com esses adicionais"",""applyToHalfPizza"":true}]",false,pizza,true,2,false,,"[{""id"":""429ed7dc-d200-4a74-a464-462bb2139ade"",""name"":""🍯 Doce de Leite"",""available"":true,""description"":"""",""additionalPrice"":15},{""id"":""5afc6eb7-e4c0-4f09-8fe0-70b203810677"",""name"":""🧀 Cheddar"",""available"":true,""description"":"""",""additionalPrice"":15},{""id"":""880cbc22-7f38-4c19-b43c-ef3cdb169b7d"",""name"":""🧀 Catupiry"",""available"":true,""description"":"""",""additionalPrice"":15},{""id"":""139807d7-f35f-43fb-a346-7f79cf615466"",""name"":""🤎 Chocolate"",""available"":true,""description"":"""",""additionalPrice"":15}]",0,false,2026-05-29 02:17:52.336267+00,2026-05-31 14:29:54.905294+00
nanRvSPXQKcX6JTUMXTR,Esfiha de Carne com Catupiry,Carne com Catupiry,8,4.8,,esfihas,[],false,true,false,[],false,padrao,false,2,false,,[],,false,2026-05-29 02:17:52.336267+00,2026-05-29 02:17:52.336267+00
nGsv52MJcF61OUv6ECwW,Calabresa,Calabresa e cebola,51,30.6,https://xiahufkvflyuvzhuhwpm.supabase.co/storage/v1/object/public/imagens-cardapio/Calabresa-otimizada-31052026112743.webp,grandes-salgadas,[],false,true,true,"[{""id"":""65200a28-fd77-47d6-8d1a-765523d1602b"",""name"":""Adicionais"",""maxAllowed"":10,""variations"":[""f78ebbee-55a3-4455-ae8b-6f67a65415a1"",""579a739b-3dd7-43a1-95bf-4417e13aa85f"",""62412b08-cef0-4c91-bd3d-3f8fe660262b"",""e89d4ef3-40ff-4078-b8f3-f5d37dfed0dd"",""f8fafdb1-96ab-449a-b35e-0124f50a90eb"",""7888ee6b-9c65-4f96-bfc5-771adcdd30b0"",""8b6d8cc8-e5dc-4afc-97e2-91884b35811a"",""91f8df10-9f26-43ef-9b14-fc0e1b2d1bf9"",""d7bd9e30-9304-448e-81df-2dfeaf927cb8"",""3d9f4a17-a09f-4f8b-a6a0-f487bffc51f9"",""c3fd2e01-9e89-4c78-be81-e7d2170cc7f4"",""c8f0326f-79a3-421d-84b4-d0088e689b7d"",""7dd29981-e50f-409a-8fd5-68a29d5ef0d8"",""00c1e06d-5e66-45a2-a322-900b743b58fc"",""05ecdd1e-e2d4-4f42-b27a-7f8fb48f71fd"",""dd8d0bb6-cb73-4028-99f3-66440db3460f"",""ef119b22-adeb-4919-a8f2-2030052341c4"",""11d6bf6e-7ca4-4ed3-ad14-15304649f97f"",""642e36c0-d22a-4adb-ad46-2b041cd5c4fc"",""3bfd146f-f42a-4d23-aef8-1d5b0932f469"",""1410a2b0-1313-40e3-a5eb-32f62a35b7ab""],""minRequired"":0,""allowPerHalf"":true,""internalName"":""Adicionais Pizzas Grandes Salgadas"",""customMessage"":""Turbine sua pizza com esses adicionais"",""applyToHalfPizza"":true}]",false,pizza,true,2,false,,"[{""id"":""429ed7dc-d200-4a74-a464-462bb2139ade"",""name"":""🍯 Doce de Leite"",""available"":true,""description"":"""",""additionalPrice"":15},{""id"":""5afc6eb7-e4c0-4f09-8fe0-70b203810677"",""name"":""🧀 Cheddar"",""available"":true,""description"":"""",""additionalPrice"":15},{""id"":""880cbc22-7f38-4c19-b43c-ef3cdb169b7d"",""name"":""🧀 Catupiry"",""available"":true,""description"":"""",""additionalPrice"":15},{""id"":""139807d7-f35f-43fb-a346-7f79cf615466"",""name"":""🤎 Chocolate"",""available"":true,""description"":"""",""additionalPrice"":15}]",0,false,2026-05-29 02:17:52.336267+00,2026-05-31 14:27:44.760714+00
nipYd48UZYKJAXp8PF07,Vegetariana 2,"Palmito, champignon, cebola, mussarela e manjericão	",40.5,24.3,https://ugxpfpbwyzefkyhpxqra.supabase.co/storage/v1/object/public/imagens-cardapio/Vegetariana_2-otimizada-06052026124942.webp,brotos-salgados,[],false,true,false,[],false,pizza,false,2,false,,[],,false,2026-05-29 02:17:52.336267+00,2026-05-29 02:17:52.336267+00
nNmFL9mu1IZdaUY5DO5k,Aliche,Molho de tomate e aliche,48,28.8,https://ugxpfpbwyzefkyhpxqra.supabase.co/storage/v1/object/public/imagens-cardapio/Broto_Aliche__Pizzaria_Oliveira__IA-otimizada-06052026115438.webp,brotos-salgados,[],false,true,false,[],false,pizza,false,2,false,,[],,false,2026-05-29 02:17:52.336267+00,2026-05-29 02:17:52.336267+00
NNzGVDMbve18PozDDIzW,Romeu e Julieta	,Mussarela e goiabada	,51,30.6,https://aealgiyzbenbhhftwkxb.supabase.co/storage/v1/object/public/imagens-cardapio/zhjduhdesc_1777645238078.webp,grandes-doces,[],false,true,true,"[{""id"":""65200a28-fd77-47d6-8d1a-765523d1602b"",""name"":""Adicionais"",""maxAllowed"":10,""variations"":[""f78ebbee-55a3-4455-ae8b-6f67a65415a1"",""579a739b-3dd7-43a1-95bf-4417e13aa85f"",""62412b08-cef0-4c91-bd3d-3f8fe660262b"",""e89d4ef3-40ff-4078-b8f3-f5d37dfed0dd"",""f8fafdb1-96ab-449a-b35e-0124f50a90eb"",""7888ee6b-9c65-4f96-bfc5-771adcdd30b0"",""8b6d8cc8-e5dc-4afc-97e2-91884b35811a"",""91f8df10-9f26-43ef-9b14-fc0e1b2d1bf9"",""d7bd9e30-9304-448e-81df-2dfeaf927cb8"",""3d9f4a17-a09f-4f8b-a6a0-f487bffc51f9"",""c3fd2e01-9e89-4c78-be81-e7d2170cc7f4"",""c8f0326f-79a3-421d-84b4-d0088e689b7d"",""7dd29981-e50f-409a-8fd5-68a29d5ef0d8"",""00c1e06d-5e66-45a2-a322-900b743b58fc"",""05ecdd1e-e2d4-4f42-b27a-7f8fb48f71fd"",""dd8d0bb6-cb73-4028-99f3-66440db3460f"",""ef119b22-adeb-4919-a8f2-2030052341c4"",""11d6bf6e-7ca4-4ed3-ad14-15304649f97f"",""642e36c0-d22a-4adb-ad46-2b041cd5c4fc"",""3bfd146f-f42a-4d23-aef8-1d5b0932f469"",""1410a2b0-1313-40e3-a5eb-32f62a35b7ab""],""minRequired"":0,""allowPerHalf"":true,""internalName"":""Adicionais Pizzas Grandes Salgadas"",""customMessage"":""Turbine sua pizza com esses adicionais"",""applyToHalfPizza"":true}]",false,pizza,true,2,false,,"[{""id"":""429ed7dc-d200-4a74-a464-462bb2139ade"",""name"":""🍯 Doce de Leite"",""available"":true,""description"":"""",""additionalPrice"":15},{""id"":""5afc6eb7-e4c0-4f09-8fe0-70b203810677"",""name"":""🧀 Cheddar"",""available"":true,""description"":"""",""additionalPrice"":15},{""id"":""880cbc22-7f38-4c19-b43c-ef3cdb169b7d"",""name"":""🧀 Catupiry"",""available"":true,""description"":"""",""additionalPrice"":15},{""id"":""139807d7-f35f-43fb-a346-7f79cf615466"",""name"":""🤎 Chocolate"",""available"":true,""description"":"""",""additionalPrice"":15}]",0,false,2026-05-29 02:17:52.336267+00,2026-06-13 21:16:39.887267+00
NpkwBTdeNOWSJH4p4PQG,Esfiha de BIS,Chocolate e BIS,8,4.8,https://ugxpfpbwyzefkyhpxqra.supabase.co/storage/v1/object/public/imagens-cardapio/Esfiha_BIS__Oliveira_-otimizada-06052026202818.webp,esfihas-doces,[],false,true,false,[],false,padrao,false,2,false,,[],,false,2026-05-29 02:17:52.336267+00,2026-05-29 02:17:52.336267+00
nQYvj01NYMnaH9pdPg9f,Siciliana	,"Mussarela, bacon, champignon e parmesão	",55,33,https://xiahufkvflyuvzhuhwpm.supabase.co/storage/v1/object/public/imagens-cardapio/Siciliana-otimizada-31052026113824.webp,grandes-salgadas,[],false,true,true,"[{""id"":""65200a28-fd77-47d6-8d1a-765523d1602b"",""name"":""Adicionais"",""maxAllowed"":10,""variations"":[""f78ebbee-55a3-4455-ae8b-6f67a65415a1"",""579a739b-3dd7-43a1-95bf-4417e13aa85f"",""62412b08-cef0-4c91-bd3d-3f8fe660262b"",""e89d4ef3-40ff-4078-b8f3-f5d37dfed0dd"",""f8fafdb1-96ab-449a-b35e-0124f50a90eb"",""7888ee6b-9c65-4f96-bfc5-771adcdd30b0"",""8b6d8cc8-e5dc-4afc-97e2-91884b35811a"",""91f8df10-9f26-43ef-9b14-fc0e1b2d1bf9"",""d7bd9e30-9304-448e-81df-2dfeaf927cb8"",""3d9f4a17-a09f-4f8b-a6a0-f487bffc51f9"",""c3fd2e01-9e89-4c78-be81-e7d2170cc7f4"",""c8f0326f-79a3-421d-84b4-d0088e689b7d"",""7dd29981-e50f-409a-8fd5-68a29d5ef0d8"",""00c1e06d-5e66-45a2-a322-900b743b58fc"",""05ecdd1e-e2d4-4f42-b27a-7f8fb48f71fd"",""dd8d0bb6-cb73-4028-99f3-66440db3460f"",""ef119b22-adeb-4919-a8f2-2030052341c4"",""11d6bf6e-7ca4-4ed3-ad14-15304649f97f"",""642e36c0-d22a-4adb-ad46-2b041cd5c4fc"",""3bfd146f-f42a-4d23-aef8-1d5b0932f469"",""1410a2b0-1313-40e3-a5eb-32f62a35b7ab""],""minRequired"":0,""allowPerHalf"":true,""internalName"":""Adicionais Pizzas Grandes Salgadas"",""customMessage"":""Turbine sua pizza com esses adicionais"",""applyToHalfPizza"":true}]",false,pizza,true,2,false,,"[{""id"":""429ed7dc-d200-4a74-a464-462bb2139ade"",""name"":""🍯 Doce de Leite"",""available"":true,""description"":"""",""additionalPrice"":15},{""id"":""5afc6eb7-e4c0-4f09-8fe0-70b203810677"",""name"":""🧀 Cheddar"",""available"":true,""description"":"""",""additionalPrice"":15},{""id"":""880cbc22-7f38-4c19-b43c-ef3cdb169b7d"",""name"":""🧀 Catupiry"",""available"":true,""description"":"""",""additionalPrice"":15},{""id"":""139807d7-f35f-43fb-a346-7f79cf615466"",""name"":""🤎 Chocolate"",""available"":true,""description"":"""",""additionalPrice"":15}]",0,false,2026-05-29 02:17:52.336267+00,2026-05-31 14:38:26.786689+00
nsNthaXrqE7S4MLlF0Jr,Brigadeiro,demais,38.5,23.1,https://ugxpfpbwyzefkyhpxqra.supabase.co/storage/v1/object/public/imagens-cardapio/brigadeiro-otimizada-06052026111318.webp,brotos-doces,[],false,true,false,[],false,pizza,true,2,false,,[],,false,2026-05-29 02:17:52.336267+00,2026-05-29 02:17:52.336267+00
ntRyejZcsfHmPoDavUbm,Champignon,Mussarela e champignon,44.5,26.7,https://ugxpfpbwyzefkyhpxqra.supabase.co/storage/v1/object/public/imagens-cardapio/Champignon-otimizada-06052026122347.webp,brotos-salgados,[],false,true,false,[],false,pizza,true,2,false,,[],,false,2026-05-29 02:17:52.336267+00,2026-05-29 02:17:52.336267+00
nVu5WMeFEAZXvTXCsVhi,Esfiha de Peperoni	,Pepperoni,9,5.4,https://ugxpfpbwyzefkyhpxqra.supabase.co/storage/v1/object/public/imagens-cardapio/Pepperoni_-otimizada-06052026202622.webp,esfihas,[],false,true,false,[],false,padrao,false,2,false,,[],,false,2026-05-29 02:17:52.336267+00,2026-05-29 02:17:52.336267+00
OfzrQU83S9kibiLAXwgZ,Peruana	,"Atum, mussarela e cebola	",70,42,https://xiahufkvflyuvzhuhwpm.supabase.co/storage/v1/object/public/imagens-cardapio/Peruana-otimizada-31052026113643.webp,grandes-salgadas,[],false,true,true,"[{""id"":""65200a28-fd77-47d6-8d1a-765523d1602b"",""name"":""Adicionais"",""maxAllowed"":10,""variations"":[""f78ebbee-55a3-4455-ae8b-6f67a65415a1"",""579a739b-3dd7-43a1-95bf-4417e13aa85f"",""62412b08-cef0-4c91-bd3d-3f8fe660262b"",""e89d4ef3-40ff-4078-b8f3-f5d37dfed0dd"",""f8fafdb1-96ab-449a-b35e-0124f50a90eb"",""7888ee6b-9c65-4f96-bfc5-771adcdd30b0"",""8b6d8cc8-e5dc-4afc-97e2-91884b35811a"",""91f8df10-9f26-43ef-9b14-fc0e1b2d1bf9"",""d7bd9e30-9304-448e-81df-2dfeaf927cb8"",""3d9f4a17-a09f-4f8b-a6a0-f487bffc51f9"",""c3fd2e01-9e89-4c78-be81-e7d2170cc7f4"",""c8f0326f-79a3-421d-84b4-d0088e689b7d"",""7dd29981-e50f-409a-8fd5-68a29d5ef0d8"",""00c1e06d-5e66-45a2-a322-900b743b58fc"",""05ecdd1e-e2d4-4f42-b27a-7f8fb48f71fd"",""dd8d0bb6-cb73-4028-99f3-66440db3460f"",""ef119b22-adeb-4919-a8f2-2030052341c4"",""11d6bf6e-7ca4-4ed3-ad14-15304649f97f"",""642e36c0-d22a-4adb-ad46-2b041cd5c4fc"",""3bfd146f-f42a-4d23-aef8-1d5b0932f469"",""1410a2b0-1313-40e3-a5eb-32f62a35b7ab""],""minRequired"":0,""allowPerHalf"":true,""internalName"":""Adicionais Pizzas Grandes Salgadas"",""customMessage"":""Turbine sua pizza com esses adicionais"",""applyToHalfPizza"":true}]",false,pizza,true,2,false,,"[{""id"":""429ed7dc-d200-4a74-a464-462bb2139ade"",""name"":""🍯 Doce de Leite"",""available"":true,""description"":"""",""additionalPrice"":15},{""id"":""5afc6eb7-e4c0-4f09-8fe0-70b203810677"",""name"":""🧀 Cheddar"",""available"":true,""description"":"""",""additionalPrice"":15},{""id"":""880cbc22-7f38-4c19-b43c-ef3cdb169b7d"",""name"":""🧀 Catupiry"",""available"":true,""description"":"""",""additionalPrice"":15},{""id"":""139807d7-f35f-43fb-a346-7f79cf615466"",""name"":""🤎 Chocolate"",""available"":true,""description"":"""",""additionalPrice"":15}]",0,false,2026-05-29 02:17:52.336267+00,2026-05-31 14:36:45.005636+00
OGwUlMn5deHLGkltE65V,Esfiha Carne	,Carne,7,4.2,https://ugxpfpbwyzefkyhpxqra.supabase.co/storage/v1/object/public/imagens-cardapio/Carne__Oliveira_-otimizada-06052026201813.webp,esfihas,[],false,true,false,[],false,padrao,false,2,false,,[],,false,2026-05-29 02:17:52.336267+00,2026-05-29 02:17:52.336267+00
onPmvQPPMK3IRdECso1E,Bis,Chocolate ao leite e Bis	,51,30.6,https://aealgiyzbenbhhftwkxb.supabase.co/storage/v1/object/public/imagens-cardapio/4p8esotxxv3_1777645071327.webp,grandes-doces,[],false,true,true,"[{""id"":""65200a28-fd77-47d6-8d1a-765523d1602b"",""name"":""Adicionais"",""maxAllowed"":10,""variations"":[""f78ebbee-55a3-4455-ae8b-6f67a65415a1"",""579a739b-3dd7-43a1-95bf-4417e13aa85f"",""62412b08-cef0-4c91-bd3d-3f8fe660262b"",""e89d4ef3-40ff-4078-b8f3-f5d37dfed0dd"",""f8fafdb1-96ab-449a-b35e-0124f50a90eb"",""7888ee6b-9c65-4f96-bfc5-771adcdd30b0"",""8b6d8cc8-e5dc-4afc-97e2-91884b35811a"",""91f8df10-9f26-43ef-9b14-fc0e1b2d1bf9"",""d7bd9e30-9304-448e-81df-2dfeaf927cb8"",""3d9f4a17-a09f-4f8b-a6a0-f487bffc51f9"",""c3fd2e01-9e89-4c78-be81-e7d2170cc7f4"",""c8f0326f-79a3-421d-84b4-d0088e689b7d"",""7dd29981-e50f-409a-8fd5-68a29d5ef0d8"",""00c1e06d-5e66-45a2-a322-900b743b58fc"",""05ecdd1e-e2d4-4f42-b27a-7f8fb48f71fd"",""dd8d0bb6-cb73-4028-99f3-66440db3460f"",""ef119b22-adeb-4919-a8f2-2030052341c4"",""11d6bf6e-7ca4-4ed3-ad14-15304649f97f"",""642e36c0-d22a-4adb-ad46-2b041cd5c4fc"",""3bfd146f-f42a-4d23-aef8-1d5b0932f469"",""1410a2b0-1313-40e3-a5eb-32f62a35b7ab""],""minRequired"":0,""allowPerHalf"":true,""internalName"":""Adicionais Pizzas Grandes Salgadas"",""customMessage"":""Turbine sua pizza com esses adicionais"",""applyToHalfPizza"":true}]",false,pizza,true,2,false,,"[{""id"":""429ed7dc-d200-4a74-a464-462bb2139ade"",""name"":""🍯 Doce de Leite"",""available"":true,""description"":"""",""additionalPrice"":15},{""id"":""5afc6eb7-e4c0-4f09-8fe0-70b203810677"",""name"":""🧀 Cheddar"",""available"":true,""description"":"""",""additionalPrice"":15},{""id"":""880cbc22-7f38-4c19-b43c-ef3cdb169b7d"",""name"":""🧀 Catupiry"",""available"":true,""description"":"""",""additionalPrice"":15},{""id"":""139807d7-f35f-43fb-a346-7f79cf615466"",""name"":""🤎 Chocolate"",""available"":true,""description"":"""",""additionalPrice"":15}]",0,false,2026-05-29 02:17:52.336267+00,2026-06-13 21:16:39.887267+00
oSiBv0sWLhuPqsktLSG2,Doritos 1,"Mussarela, cheddar e doritos",44.5,26.7,https://ugxpfpbwyzefkyhpxqra.supabase.co/storage/v1/object/public/imagens-cardapio/Doritos_1-otimizada-06052026122538.webp,brotos-salgados,[],false,true,false,[],false,pizza,false,2,false,,[],,false,2026-05-29 02:17:52.336267+00,2026-05-29 02:17:52.336267+00
OtU3gVfGz7p59kXHrlY2,Crocante,"Peito de Peru, catupiry e batata palha",40.5,24.3,https://ugxpfpbwyzefkyhpxqra.supabase.co/storage/v1/object/public/imagens-cardapio/Crocante-otimizada-06052026122453.webp,brotos-salgados,[],false,true,false,[],false,pizza,false,2,false,,[],,false,2026-05-29 02:17:52.336267+00,2026-05-29 02:17:52.336267+00
pcE45lqkf4weWJArrDYM,Dolly Laranja,PET 2L,12,7.2,https://xiahufkvflyuvzhuhwpm.supabase.co/storage/v1/object/public/imagens-cardapio/dolly_laranja-31052026112010.webp,bebidas,[],false,true,false,[],false,padrao,false,2,false,,[],,false,2026-05-29 02:17:52.336267+00,2026-05-31 14:20:12.921755+00
pHo7hTWeGmwELaU1a1C0,Milho Catupiry,Milho e catupiry	,40.5,24.3,https://ugxpfpbwyzefkyhpxqra.supabase.co/storage/v1/object/public/imagens-cardapio/Milho_Catupiry-otimizada-06052026123505.webp,brotos-salgados,[],false,true,false,[],false,pizza,false,2,false,,[],,false,2026-05-29 02:17:52.336267+00,2026-05-29 02:17:52.336267+00
pL6SEdlTlQE4T0ml5w1W,Lombopiry,Lombo e catupiry	,40.5,24.3,https://ugxpfpbwyzefkyhpxqra.supabase.co/storage/v1/object/public/imagens-cardapio/Lombopiry-otimizada-06052026123330.webp,brotos-salgados,[],false,true,false,[],false,pizza,false,2,false,,[],,false,2026-05-29 02:17:52.336267+00,2026-05-29 02:17:52.336267+00
pQenyRkMeGhPTaiqr3pE,Esfiha de Dois Queijos,Dois queijos,9,5.4,https://ugxpfpbwyzefkyhpxqra.supabase.co/storage/v1/object/public/imagens-cardapio/Dois_Queijos__Oliveira_-otimizada-06052026202446.webp,esfihas,[],false,true,false,[],false,padrao,false,2,false,,[],,false,2026-05-29 02:17:52.336267+00,2026-05-29 02:17:52.336267+00
pSYLUnNgGEjLNOiu0aV9,Dolly Limão,PET 2L,12,7.2,https://xiahufkvflyuvzhuhwpm.supabase.co/storage/v1/object/public/imagens-cardapio/dolly_limao-31052026112019.webp,bebidas,[],false,true,false,[],false,padrao,false,2,false,,[],,false,2026-05-29 02:17:52.336267+00,2026-05-31 14:20:21.894681+00
pUQFxDbg3KgZ0HvDGdWQ,Abobrinha Especial,"Abobrinha, creme cheese, alho poró e tomate cereja",55,33,https://xiahufkvflyuvzhuhwpm.supabase.co/storage/v1/object/public/imagens-cardapio/Abobrinha_Especial-otimizada-31052026112333.webp,grandes-salgadas,[],false,true,true,"[{""id"":""65200a28-fd77-47d6-8d1a-765523d1602b"",""name"":""Adicionais"",""maxAllowed"":10,""variations"":[""f78ebbee-55a3-4455-ae8b-6f67a65415a1"",""579a739b-3dd7-43a1-95bf-4417e13aa85f"",""62412b08-cef0-4c91-bd3d-3f8fe660262b"",""e89d4ef3-40ff-4078-b8f3-f5d37dfed0dd"",""f8fafdb1-96ab-449a-b35e-0124f50a90eb"",""7888ee6b-9c65-4f96-bfc5-771adcdd30b0"",""8b6d8cc8-e5dc-4afc-97e2-91884b35811a"",""91f8df10-9f26-43ef-9b14-fc0e1b2d1bf9"",""d7bd9e30-9304-448e-81df-2dfeaf927cb8"",""3d9f4a17-a09f-4f8b-a6a0-f487bffc51f9"",""c3fd2e01-9e89-4c78-be81-e7d2170cc7f4"",""c8f0326f-79a3-421d-84b4-d0088e689b7d"",""7dd29981-e50f-409a-8fd5-68a29d5ef0d8"",""00c1e06d-5e66-45a2-a322-900b743b58fc"",""05ecdd1e-e2d4-4f42-b27a-7f8fb48f71fd"",""dd8d0bb6-cb73-4028-99f3-66440db3460f"",""ef119b22-adeb-4919-a8f2-2030052341c4"",""11d6bf6e-7ca4-4ed3-ad14-15304649f97f"",""642e36c0-d22a-4adb-ad46-2b041cd5c4fc"",""3bfd146f-f42a-4d23-aef8-1d5b0932f469"",""1410a2b0-1313-40e3-a5eb-32f62a35b7ab""],""minRequired"":0,""allowPerHalf"":true,""internalName"":""Adicionais Pizzas Grandes Salgadas"",""customMessage"":""Turbine sua pizza com esses adicionais"",""applyToHalfPizza"":true}]",false,pizza,true,2,false,,"[{""id"":""429ed7dc-d200-4a74-a464-462bb2139ade"",""name"":""🍯 Doce de Leite"",""available"":true,""description"":"""",""additionalPrice"":15},{""id"":""5afc6eb7-e4c0-4f09-8fe0-70b203810677"",""name"":""🧀 Cheddar"",""available"":true,""description"":"""",""additionalPrice"":15},{""id"":""880cbc22-7f38-4c19-b43c-ef3cdb169b7d"",""name"":""🧀 Catupiry"",""available"":true,""description"":"""",""additionalPrice"":15},{""id"":""139807d7-f35f-43fb-a346-7f79cf615466"",""name"":""🤎 Chocolate"",""available"":true,""description"":"""",""additionalPrice"":15}]",0,false,2026-05-29 02:17:52.336267+00,2026-05-31 14:23:36.529732+00
puyG3lhAtIdoBILmB7TD,Bacon,"Bacon, cebola e mussarela",55,33,https://xiahufkvflyuvzhuhwpm.supabase.co/storage/v1/object/public/imagens-cardapio/Bacon-otimizada-31052026112536.webp,grandes-salgadas,[],false,true,true,"[{""id"":""65200a28-fd77-47d6-8d1a-765523d1602b"",""name"":""Adicionais"",""maxAllowed"":10,""variations"":[""f78ebbee-55a3-4455-ae8b-6f67a65415a1"",""579a739b-3dd7-43a1-95bf-4417e13aa85f"",""62412b08-cef0-4c91-bd3d-3f8fe660262b"",""e89d4ef3-40ff-4078-b8f3-f5d37dfed0dd"",""f8fafdb1-96ab-449a-b35e-0124f50a90eb"",""7888ee6b-9c65-4f96-bfc5-771adcdd30b0"",""8b6d8cc8-e5dc-4afc-97e2-91884b35811a"",""91f8df10-9f26-43ef-9b14-fc0e1b2d1bf9"",""d7bd9e30-9304-448e-81df-2dfeaf927cb8"",""3d9f4a17-a09f-4f8b-a6a0-f487bffc51f9"",""c3fd2e01-9e89-4c78-be81-e7d2170cc7f4"",""c8f0326f-79a3-421d-84b4-d0088e689b7d"",""7dd29981-e50f-409a-8fd5-68a29d5ef0d8"",""00c1e06d-5e66-45a2-a322-900b743b58fc"",""05ecdd1e-e2d4-4f42-b27a-7f8fb48f71fd"",""dd8d0bb6-cb73-4028-99f3-66440db3460f"",""ef119b22-adeb-4919-a8f2-2030052341c4"",""11d6bf6e-7ca4-4ed3-ad14-15304649f97f"",""642e36c0-d22a-4adb-ad46-2b041cd5c4fc"",""3bfd146f-f42a-4d23-aef8-1d5b0932f469"",""1410a2b0-1313-40e3-a5eb-32f62a35b7ab""],""minRequired"":0,""allowPerHalf"":true,""internalName"":""Adicionais Pizzas Grandes Salgadas"",""customMessage"":""Turbine sua pizza com esses adicionais"",""applyToHalfPizza"":true}]",false,pizza,true,2,false,,"[{""id"":""429ed7dc-d200-4a74-a464-462bb2139ade"",""name"":""🍯 Doce de Leite"",""available"":true,""description"":"""",""additionalPrice"":15},{""id"":""5afc6eb7-e4c0-4f09-8fe0-70b203810677"",""name"":""🧀 Cheddar"",""available"":true,""description"":"""",""additionalPrice"":15},{""id"":""880cbc22-7f38-4c19-b43c-ef3cdb169b7d"",""name"":""🧀 Catupiry"",""available"":true,""description"":"""",""additionalPrice"":15},{""id"":""139807d7-f35f-43fb-a346-7f79cf615466"",""name"":""🤎 Chocolate"",""available"":true,""description"":"""",""additionalPrice"":15}]",0,false,2026-05-29 02:17:52.336267+00,2026-05-31 14:25:38.797287+00
pYSbqOslfeb2dlLnl9ec,Esfiha de Escarola c/ Bacon	,Escarola c/ Bacon	,8,4.8,https://ugxpfpbwyzefkyhpxqra.supabase.co/storage/v1/object/public/imagens-cardapio/Escarola_com_bacon__oliveira_-otimizada-06052026202503.webp,esfihas,[],false,true,false,[],false,padrao,false,2,false,,[],,false,2026-05-29 02:17:52.336267+00,2026-05-29 02:17:52.336267+00
Q5rss62bvpxWqg4FVLTJ,Calabresa com Mussarela,Calabresa e mussarela,40.5,24.3,https://ugxpfpbwyzefkyhpxqra.supabase.co/storage/v1/object/public/imagens-cardapio/Calabresa_com_Mussarela-otimizada-06052026122106.webp,brotos-salgados,[],false,true,false,[],false,pizza,false,2,false,,[],,false,2026-05-29 02:17:52.336267+00,2026-05-29 02:17:52.336267+00
q6gVhtJl5Jqdt0RrEBcP,Esfiha Carne Seca c/ Queijo	,Carne seca com queijo,10,6,https://ugxpfpbwyzefkyhpxqra.supabase.co/storage/v1/object/public/imagens-cardapio/Carne_seca_com_Queijo__Oliveira_-otimizada-06052026201905.webp,esfihas,[],false,true,false,[],false,padrao,false,2,false,,[],,false,2026-05-29 02:17:52.336267+00,2026-05-29 02:17:52.336267+00
q88dnU4FjqwplqlAXf7s,Palmito 2,Palmito e catupiry	,40.5,24.3,https://ugxpfpbwyzefkyhpxqra.supabase.co/storage/v1/object/public/imagens-cardapio/Palmito_2-otimizada-06052026123934.webp,brotos-salgados,[],false,true,false,[],false,pizza,false,2,false,,[],,false,2026-05-29 02:17:52.336267+00,2026-05-29 02:17:52.336267+00
QG35trudcNskQr62TbsP,"Guaraná Antártica ","Pet 2L ",16,9.6,https://ugxpfpbwyzefkyhpxqra.supabase.co/storage/v1/object/public/imagens-cardapio/Guarana_Antartica-otimizada-07052026140530.webp,bebidas,[],false,true,false,[],false,padrao,false,2,false,,[],,false,2026-05-29 02:17:52.336267+00,2026-05-29 02:17:52.336267+00
Qiu8h015wuLdkDDCSzue,Peito de Peru 1,"Peito de peru, catupiry, bacon e parmesão",40.5,24.3,https://ugxpfpbwyzefkyhpxqra.supabase.co/storage/v1/object/public/imagens-cardapio/Peito_de_Peru_1-otimizada-06052026124001.webp,brotos-salgados,[],false,true,false,[],false,pizza,false,2,false,,[],,false,2026-05-29 02:17:52.336267+00,2026-05-29 02:17:52.336267+00
QmnmmvPmm0MZnEyj8y7X,Banana Nevada,Banana e chocolate branco	,38.5,23.1,https://ugxpfpbwyzefkyhpxqra.supabase.co/storage/v1/object/public/imagens-cardapio/banana_nevada-otimizada-06052026111155.webp,brotos-doces,[],false,true,false,[],false,pizza,true,2,false,,[],,false,2026-05-29 02:17:52.336267+00,2026-05-29 02:17:52.336267+00
QsBabFFbIPRP6JK3D8Yk,Esfiha de Frango	,Frango,7,4.2,https://ugxpfpbwyzefkyhpxqra.supabase.co/storage/v1/object/public/imagens-cardapio/Frango__Oliveira_-otimizada-06052026202534.webp,esfihas,[],false,true,false,[],false,padrao,false,2,false,,[],,false,2026-05-29 02:17:52.336267+00,2026-05-29 02:17:52.336267+00
QWlZasxjPcgJhmMUJ6Nc,Moda do Chefe 2,"Escarola, presunto, palmito, bacon e parmesão	",44.5,26.7,https://ugxpfpbwyzefkyhpxqra.supabase.co/storage/v1/object/public/imagens-cardapio/Moda_do_Chefe_2-otimizada-06052026123646.webp,brotos-salgados,[],false,true,false,[],false,pizza,false,2,false,,[],,false,2026-05-29 02:17:52.336267+00,2026-05-29 02:17:52.336267+00
qYFt088UpKSsXm7GoJMO,Esfiha de Chocolate Branco,Chocolate Branco,7,4.2,https://ugxpfpbwyzefkyhpxqra.supabase.co/storage/v1/object/public/imagens-cardapio/Chocolate_Branco-otimizada-06052026202856.webp,esfihas-doces,[],false,true,false,[],false,padrao,false,2,false,,[],,false,2026-05-29 02:17:52.336267+00,2026-05-29 02:17:52.336267+00
RAmY4Sf3QPrqDn9I2oiH,Francesa,"Lombo fatiado, ovos, ervilha, palmito e mussarela ",63,37.8,https://xiahufkvflyuvzhuhwpm.supabase.co/storage/v1/object/public/imagens-cardapio/Francesa-otimizada-31052026113018.webp,grandes-salgadas,[],false,true,true,"[{""id"":""65200a28-fd77-47d6-8d1a-765523d1602b"",""name"":""Adicionais"",""maxAllowed"":10,""variations"":[""f78ebbee-55a3-4455-ae8b-6f67a65415a1"",""579a739b-3dd7-43a1-95bf-4417e13aa85f"",""62412b08-cef0-4c91-bd3d-3f8fe660262b"",""e89d4ef3-40ff-4078-b8f3-f5d37dfed0dd"",""f8fafdb1-96ab-449a-b35e-0124f50a90eb"",""7888ee6b-9c65-4f96-bfc5-771adcdd30b0"",""8b6d8cc8-e5dc-4afc-97e2-91884b35811a"",""91f8df10-9f26-43ef-9b14-fc0e1b2d1bf9"",""d7bd9e30-9304-448e-81df-2dfeaf927cb8"",""3d9f4a17-a09f-4f8b-a6a0-f487bffc51f9"",""c3fd2e01-9e89-4c78-be81-e7d2170cc7f4"",""c8f0326f-79a3-421d-84b4-d0088e689b7d"",""7dd29981-e50f-409a-8fd5-68a29d5ef0d8"",""00c1e06d-5e66-45a2-a322-900b743b58fc"",""05ecdd1e-e2d4-4f42-b27a-7f8fb48f71fd"",""dd8d0bb6-cb73-4028-99f3-66440db3460f"",""ef119b22-adeb-4919-a8f2-2030052341c4"",""11d6bf6e-7ca4-4ed3-ad14-15304649f97f"",""642e36c0-d22a-4adb-ad46-2b041cd5c4fc"",""3bfd146f-f42a-4d23-aef8-1d5b0932f469"",""1410a2b0-1313-40e3-a5eb-32f62a35b7ab""],""minRequired"":0,""allowPerHalf"":true,""internalName"":""Adicionais Pizzas Grandes Salgadas"",""customMessage"":""Turbine sua pizza com esses adicionais"",""applyToHalfPizza"":true}]",false,pizza,true,2,false,,"[{""id"":""429ed7dc-d200-4a74-a464-462bb2139ade"",""name"":""🍯 Doce de Leite"",""available"":true,""description"":"""",""additionalPrice"":15},{""id"":""5afc6eb7-e4c0-4f09-8fe0-70b203810677"",""name"":""🧀 Cheddar"",""available"":true,""description"":"""",""additionalPrice"":15},{""id"":""880cbc22-7f38-4c19-b43c-ef3cdb169b7d"",""name"":""🧀 Catupiry"",""available"":true,""description"":"""",""additionalPrice"":15},{""id"":""139807d7-f35f-43fb-a346-7f79cf615466"",""name"":""🤎 Chocolate"",""available"":true,""description"":"""",""additionalPrice"":15}]",0,false,2026-05-29 02:17:52.336267+00,2026-05-31 14:30:20.238489+00
RbZoaFfR2uiazNvU5xjL,Moda do Cliente	,5 ingredientes à escolha do cliente	,73,43.8,https://xiahufkvflyuvzhuhwpm.supabase.co/storage/v1/object/public/imagens-cardapio/Moda_do_Cliente-otimizada-31052026113440.webp,grandes-salgadas,[],false,true,true,"[{""id"":""65200a28-fd77-47d6-8d1a-765523d1602b"",""name"":""Adicionais"",""maxAllowed"":10,""variations"":[""f78ebbee-55a3-4455-ae8b-6f67a65415a1"",""579a739b-3dd7-43a1-95bf-4417e13aa85f"",""62412b08-cef0-4c91-bd3d-3f8fe660262b"",""e89d4ef3-40ff-4078-b8f3-f5d37dfed0dd"",""f8fafdb1-96ab-449a-b35e-0124f50a90eb"",""7888ee6b-9c65-4f96-bfc5-771adcdd30b0"",""8b6d8cc8-e5dc-4afc-97e2-91884b35811a"",""91f8df10-9f26-43ef-9b14-fc0e1b2d1bf9"",""d7bd9e30-9304-448e-81df-2dfeaf927cb8"",""3d9f4a17-a09f-4f8b-a6a0-f487bffc51f9"",""c3fd2e01-9e89-4c78-be81-e7d2170cc7f4"",""c8f0326f-79a3-421d-84b4-d0088e689b7d"",""7dd29981-e50f-409a-8fd5-68a29d5ef0d8"",""00c1e06d-5e66-45a2-a322-900b743b58fc"",""05ecdd1e-e2d4-4f42-b27a-7f8fb48f71fd"",""dd8d0bb6-cb73-4028-99f3-66440db3460f"",""ef119b22-adeb-4919-a8f2-2030052341c4"",""11d6bf6e-7ca4-4ed3-ad14-15304649f97f"",""642e36c0-d22a-4adb-ad46-2b041cd5c4fc"",""3bfd146f-f42a-4d23-aef8-1d5b0932f469"",""1410a2b0-1313-40e3-a5eb-32f62a35b7ab""],""minRequired"":0,""allowPerHalf"":true,""internalName"":""Adicionais Pizzas Grandes Salgadas"",""customMessage"":""Turbine sua pizza com esses adicionais"",""applyToHalfPizza"":true}]",false,pizza,true,2,false,,"[{""id"":""429ed7dc-d200-4a74-a464-462bb2139ade"",""name"":""🍯 Doce de Leite"",""available"":true,""description"":"""",""additionalPrice"":15},{""id"":""5afc6eb7-e4c0-4f09-8fe0-70b203810677"",""name"":""🧀 Cheddar"",""available"":true,""description"":"""",""additionalPrice"":15},{""id"":""880cbc22-7f38-4c19-b43c-ef3cdb169b7d"",""name"":""🧀 Catupiry"",""available"":true,""description"":"""",""additionalPrice"":15},{""id"":""139807d7-f35f-43fb-a346-7f79cf615466"",""name"":""🤎 Chocolate"",""available"":true,""description"":"""",""additionalPrice"":15}]",0,false,2026-05-29 02:17:52.336267+00,2026-05-31 14:34:42.750884+00
rcqu5QFuaFiDOSIgO9IA,Esfiha Atum com Queijo	,Atum com Queijo	,9,5.4,https://ugxpfpbwyzefkyhpxqra.supabase.co/storage/v1/object/public/imagens-cardapio/Esfiha_de_atum_com_queijo__oliveira_-otimizada-06052026125633.webp,esfihas,[],false,true,false,[],false,padrao,false,2,false,,[],,false,2026-05-29 02:17:52.336267+00,2026-05-29 02:17:52.336267+00
RDV3cfXxj5x71fzbkBtC,Napolitana,"Mussarela, molho de tomate e parmesão	",38.5,23.1,https://ugxpfpbwyzefkyhpxqra.supabase.co/storage/v1/object/public/imagens-cardapio/Napolitana-otimizada-06052026123828.webp,brotos-salgados,[],false,true,false,[],false,pizza,false,2,false,,[],,false,2026-05-29 02:17:52.336267+00,2026-05-29 02:17:52.336267+00
rJKAR7QF1TWWdRlNL6kl,Hamburguer 2	,"Hamburguer, cheddar, mussarela, cebola e bacon	",63,37.8,https://xiahufkvflyuvzhuhwpm.supabase.co/storage/v1/object/public/imagens-cardapio/Hamburguer_2-otimizada-31052026113214.webp,grandes-salgadas,[],false,true,true,"[{""id"":""65200a28-fd77-47d6-8d1a-765523d1602b"",""name"":""Adicionais"",""maxAllowed"":10,""variations"":[""f78ebbee-55a3-4455-ae8b-6f67a65415a1"",""579a739b-3dd7-43a1-95bf-4417e13aa85f"",""62412b08-cef0-4c91-bd3d-3f8fe660262b"",""e89d4ef3-40ff-4078-b8f3-f5d37dfed0dd"",""f8fafdb1-96ab-449a-b35e-0124f50a90eb"",""7888ee6b-9c65-4f96-bfc5-771adcdd30b0"",""8b6d8cc8-e5dc-4afc-97e2-91884b35811a"",""91f8df10-9f26-43ef-9b14-fc0e1b2d1bf9"",""d7bd9e30-9304-448e-81df-2dfeaf927cb8"",""3d9f4a17-a09f-4f8b-a6a0-f487bffc51f9"",""c3fd2e01-9e89-4c78-be81-e7d2170cc7f4"",""c8f0326f-79a3-421d-84b4-d0088e689b7d"",""7dd29981-e50f-409a-8fd5-68a29d5ef0d8"",""00c1e06d-5e66-45a2-a322-900b743b58fc"",""05ecdd1e-e2d4-4f42-b27a-7f8fb48f71fd"",""dd8d0bb6-cb73-4028-99f3-66440db3460f"",""ef119b22-adeb-4919-a8f2-2030052341c4"",""11d6bf6e-7ca4-4ed3-ad14-15304649f97f"",""642e36c0-d22a-4adb-ad46-2b041cd5c4fc"",""3bfd146f-f42a-4d23-aef8-1d5b0932f469"",""1410a2b0-1313-40e3-a5eb-32f62a35b7ab""],""minRequired"":0,""allowPerHalf"":true,""internalName"":""Adicionais Pizzas Grandes Salgadas"",""customMessage"":""Turbine sua pizza com esses adicionais"",""applyToHalfPizza"":true}]",false,pizza,true,2,false,,"[{""id"":""429ed7dc-d200-4a74-a464-462bb2139ade"",""name"":""🍯 Doce de Leite"",""available"":true,""description"":"""",""additionalPrice"":15},{""id"":""5afc6eb7-e4c0-4f09-8fe0-70b203810677"",""name"":""🧀 Cheddar"",""available"":true,""description"":"""",""additionalPrice"":15},{""id"":""880cbc22-7f38-4c19-b43c-ef3cdb169b7d"",""name"":""🧀 Catupiry"",""available"":true,""description"":"""",""additionalPrice"":15},{""id"":""139807d7-f35f-43fb-a346-7f79cf615466"",""name"":""🤎 Chocolate"",""available"":true,""description"":"""",""additionalPrice"":15}]",0,false,2026-05-29 02:17:52.336267+00,2026-05-31 14:32:16.268437+00
Rnd3X4a2SFM1WMS6gPet,Banana 1,"Banana, canela e açúcar, flambada	",38.5,23.1,https://ugxpfpbwyzefkyhpxqra.supabase.co/storage/v1/object/public/imagens-cardapio/banana1-otimizada-06052026110104.webp,brotos-doces,[],false,true,false,[],false,pizza,true,2,false,,[],,false,2026-05-29 02:17:52.336267+00,2026-05-29 02:17:52.336267+00
RnlDDuoI4ZwzLOuDng9W,Frango 1,"Frango, cebola e mussarela	",40.5,24.3,https://ugxpfpbwyzefkyhpxqra.supabase.co/storage/v1/object/public/imagens-cardapio/Frango_1-otimizada-06052026122731.webp,brotos-salgados,[],false,true,false,[],false,pizza,false,2,false,,[],,false,2026-05-29 02:17:52.336267+00,2026-05-29 02:17:52.336267+00
ROaLaZ63J04iZWweiwCv,Francesa,"Lombo fatiado, ovos, ervilha, palmito e mussarela ",44.5,26.7,https://ugxpfpbwyzefkyhpxqra.supabase.co/storage/v1/object/public/imagens-cardapio/Francesa-otimizada-06052026122659.webp,brotos-salgados,[],false,true,false,[],false,pizza,false,2,false,,[],,false,2026-05-29 02:17:52.336267+00,2026-05-29 02:17:52.336267+00
Rqb5ZWLrKgPzsFwpEoi2,Peperoni 1,"Mussarela, pepperoni e tomate	",44.5,26.7,https://ugxpfpbwyzefkyhpxqra.supabase.co/storage/v1/object/public/imagens-cardapio/Peperoni_1-otimizada-06052026124049.webp,brotos-salgados,[],false,true,false,[],false,pizza,false,2,false,,[],,false,2026-05-29 02:17:52.336267+00,2026-05-29 02:17:52.336267+00
rrDJlMpMACLqsRbTIJEj,Frango 3,Frango e cheddar	,40.5,24.3,https://ugxpfpbwyzefkyhpxqra.supabase.co/storage/v1/object/public/imagens-cardapio/Frango_3-otimizada-06052026122821.webp,brotos-salgados,[],false,true,false,[],false,pizza,false,2,false,,[],,false,2026-05-29 02:17:52.336267+00,2026-05-29 02:17:52.336267+00
s29ieMmw3fl2srL2MJwC,Frango 1,"Frango, cebola e mussarela	",55,33,https://xiahufkvflyuvzhuhwpm.supabase.co/storage/v1/object/public/imagens-cardapio/Frango_1-otimizada-31052026113028.webp,grandes-salgadas,[],false,true,true,"[{""id"":""65200a28-fd77-47d6-8d1a-765523d1602b"",""name"":""Adicionais"",""maxAllowed"":10,""variations"":[""f78ebbee-55a3-4455-ae8b-6f67a65415a1"",""579a739b-3dd7-43a1-95bf-4417e13aa85f"",""62412b08-cef0-4c91-bd3d-3f8fe660262b"",""e89d4ef3-40ff-4078-b8f3-f5d37dfed0dd"",""f8fafdb1-96ab-449a-b35e-0124f50a90eb"",""7888ee6b-9c65-4f96-bfc5-771adcdd30b0"",""8b6d8cc8-e5dc-4afc-97e2-91884b35811a"",""91f8df10-9f26-43ef-9b14-fc0e1b2d1bf9"",""d7bd9e30-9304-448e-81df-2dfeaf927cb8"",""3d9f4a17-a09f-4f8b-a6a0-f487bffc51f9"",""c3fd2e01-9e89-4c78-be81-e7d2170cc7f4"",""c8f0326f-79a3-421d-84b4-d0088e689b7d"",""7dd29981-e50f-409a-8fd5-68a29d5ef0d8"",""00c1e06d-5e66-45a2-a322-900b743b58fc"",""05ecdd1e-e2d4-4f42-b27a-7f8fb48f71fd"",""dd8d0bb6-cb73-4028-99f3-66440db3460f"",""ef119b22-adeb-4919-a8f2-2030052341c4"",""11d6bf6e-7ca4-4ed3-ad14-15304649f97f"",""642e36c0-d22a-4adb-ad46-2b041cd5c4fc"",""3bfd146f-f42a-4d23-aef8-1d5b0932f469"",""1410a2b0-1313-40e3-a5eb-32f62a35b7ab""],""minRequired"":0,""allowPerHalf"":true,""internalName"":""Adicionais Pizzas Grandes Salgadas"",""customMessage"":""Turbine sua pizza com esses adicionais"",""applyToHalfPizza"":true}]",false,pizza,true,2,false,,"[{""id"":""429ed7dc-d200-4a74-a464-462bb2139ade"",""name"":""🍯 Doce de Leite"",""available"":true,""description"":"""",""additionalPrice"":15},{""id"":""5afc6eb7-e4c0-4f09-8fe0-70b203810677"",""name"":""🧀 Cheddar"",""available"":true,""description"":"""",""additionalPrice"":15},{""id"":""880cbc22-7f38-4c19-b43c-ef3cdb169b7d"",""name"":""🧀 Catupiry"",""available"":true,""description"":"""",""additionalPrice"":15},{""id"":""139807d7-f35f-43fb-a346-7f79cf615466"",""name"":""🤎 Chocolate"",""available"":true,""description"":"""",""additionalPrice"":15}]",0,false,2026-05-29 02:17:52.336267+00,2026-05-31 14:30:30.440701+00
sbGmlDYypENr9H2jxuZz,Baiana Especial,"Calabresa moída, ovos, cebola, pimenta e mussarela",63,37.8,https://xiahufkvflyuvzhuhwpm.supabase.co/storage/v1/object/public/imagens-cardapio/Baiana_Especial-otimizada-31052026112609.webp,grandes-salgadas,[],false,true,true,"[{""id"":""65200a28-fd77-47d6-8d1a-765523d1602b"",""name"":""Adicionais"",""maxAllowed"":10,""variations"":[""f78ebbee-55a3-4455-ae8b-6f67a65415a1"",""579a739b-3dd7-43a1-95bf-4417e13aa85f"",""62412b08-cef0-4c91-bd3d-3f8fe660262b"",""e89d4ef3-40ff-4078-b8f3-f5d37dfed0dd"",""f8fafdb1-96ab-449a-b35e-0124f50a90eb"",""7888ee6b-9c65-4f96-bfc5-771adcdd30b0"",""8b6d8cc8-e5dc-4afc-97e2-91884b35811a"",""91f8df10-9f26-43ef-9b14-fc0e1b2d1bf9"",""d7bd9e30-9304-448e-81df-2dfeaf927cb8"",""3d9f4a17-a09f-4f8b-a6a0-f487bffc51f9"",""c3fd2e01-9e89-4c78-be81-e7d2170cc7f4"",""c8f0326f-79a3-421d-84b4-d0088e689b7d"",""7dd29981-e50f-409a-8fd5-68a29d5ef0d8"",""00c1e06d-5e66-45a2-a322-900b743b58fc"",""05ecdd1e-e2d4-4f42-b27a-7f8fb48f71fd"",""dd8d0bb6-cb73-4028-99f3-66440db3460f"",""ef119b22-adeb-4919-a8f2-2030052341c4"",""11d6bf6e-7ca4-4ed3-ad14-15304649f97f"",""642e36c0-d22a-4adb-ad46-2b041cd5c4fc"",""3bfd146f-f42a-4d23-aef8-1d5b0932f469"",""1410a2b0-1313-40e3-a5eb-32f62a35b7ab""],""minRequired"":0,""allowPerHalf"":true,""internalName"":""Adicionais Pizzas Grandes Salgadas"",""customMessage"":""Turbine sua pizza com esses adicionais"",""applyToHalfPizza"":true}]",false,pizza,true,2,false,,"[{""id"":""429ed7dc-d200-4a74-a464-462bb2139ade"",""name"":""🍯 Doce de Leite"",""available"":true,""description"":"""",""additionalPrice"":15},{""id"":""5afc6eb7-e4c0-4f09-8fe0-70b203810677"",""name"":""🧀 Cheddar"",""available"":true,""description"":"""",""additionalPrice"":15},{""id"":""880cbc22-7f38-4c19-b43c-ef3cdb169b7d"",""name"":""🧀 Catupiry"",""available"":true,""description"":"""",""additionalPrice"":15},{""id"":""139807d7-f35f-43fb-a346-7f79cf615466"",""name"":""🤎 Chocolate"",""available"":true,""description"":"""",""additionalPrice"":15}]",0,false,2026-05-29 02:17:52.336267+00,2026-05-31 14:26:11.412084+00
skYfEAELb8Dutkog9DCA,Hamburguer 1,"Hamburguer, barbecue, tomate, cebola, requeijão, mussarela e bacon	",63,37.8,https://xiahufkvflyuvzhuhwpm.supabase.co/storage/v1/object/public/imagens-cardapio/Hamburguer_1-otimizada-31052026113201.webp,grandes-salgadas,[],false,true,true,"[{""id"":""65200a28-fd77-47d6-8d1a-765523d1602b"",""name"":""Adicionais"",""maxAllowed"":10,""variations"":[""f78ebbee-55a3-4455-ae8b-6f67a65415a1"",""579a739b-3dd7-43a1-95bf-4417e13aa85f"",""62412b08-cef0-4c91-bd3d-3f8fe660262b"",""e89d4ef3-40ff-4078-b8f3-f5d37dfed0dd"",""f8fafdb1-96ab-449a-b35e-0124f50a90eb"",""7888ee6b-9c65-4f96-bfc5-771adcdd30b0"",""8b6d8cc8-e5dc-4afc-97e2-91884b35811a"",""91f8df10-9f26-43ef-9b14-fc0e1b2d1bf9"",""d7bd9e30-9304-448e-81df-2dfeaf927cb8"",""3d9f4a17-a09f-4f8b-a6a0-f487bffc51f9"",""c3fd2e01-9e89-4c78-be81-e7d2170cc7f4"",""c8f0326f-79a3-421d-84b4-d0088e689b7d"",""7dd29981-e50f-409a-8fd5-68a29d5ef0d8"",""00c1e06d-5e66-45a2-a322-900b743b58fc"",""05ecdd1e-e2d4-4f42-b27a-7f8fb48f71fd"",""dd8d0bb6-cb73-4028-99f3-66440db3460f"",""ef119b22-adeb-4919-a8f2-2030052341c4"",""11d6bf6e-7ca4-4ed3-ad14-15304649f97f"",""642e36c0-d22a-4adb-ad46-2b041cd5c4fc"",""3bfd146f-f42a-4d23-aef8-1d5b0932f469"",""1410a2b0-1313-40e3-a5eb-32f62a35b7ab""],""minRequired"":0,""allowPerHalf"":true,""internalName"":""Adicionais Pizzas Grandes Salgadas"",""customMessage"":""Turbine sua pizza com esses adicionais"",""applyToHalfPizza"":true}]",false,pizza,true,2,false,,"[{""id"":""429ed7dc-d200-4a74-a464-462bb2139ade"",""name"":""🍯 Doce de Leite"",""available"":true,""description"":"""",""additionalPrice"":15},{""id"":""5afc6eb7-e4c0-4f09-8fe0-70b203810677"",""name"":""🧀 Cheddar"",""available"":true,""description"":"""",""additionalPrice"":15},{""id"":""880cbc22-7f38-4c19-b43c-ef3cdb169b7d"",""name"":""🧀 Catupiry"",""available"":true,""description"":"""",""additionalPrice"":15},{""id"":""139807d7-f35f-43fb-a346-7f79cf615466"",""name"":""🤎 Chocolate"",""available"":true,""description"":"""",""additionalPrice"":15}]",0,false,2026-05-29 02:17:52.336267+00,2026-05-31 14:32:02.957688+00
sL9nkJNECRFPPFp5Wofm,Big Frango,"Frango, milho, catupiry, mussarela e bacon",44.5,26.7,https://ugxpfpbwyzefkyhpxqra.supabase.co/storage/v1/object/public/imagens-cardapio/Big_Frango-otimizada-06052026121815.webp,brotos-salgados,[],false,true,false,[],false,pizza,false,2,false,,[],,false,2026-05-29 02:17:52.336267+00,2026-05-29 02:17:52.336267+00
syaE0rKft6pqs1gqI3FL,Alho e Óleo,Mussarela e alho granulado,55,33,https://xiahufkvflyuvzhuhwpm.supabase.co/storage/v1/object/public/imagens-cardapio/Alho_e_Oleo-otimizada-31052026112345.webp,grandes-salgadas,[],false,true,true,"[{""id"":""65200a28-fd77-47d6-8d1a-765523d1602b"",""name"":""Adicionais"",""maxAllowed"":10,""variations"":[""f78ebbee-55a3-4455-ae8b-6f67a65415a1"",""579a739b-3dd7-43a1-95bf-4417e13aa85f"",""62412b08-cef0-4c91-bd3d-3f8fe660262b"",""e89d4ef3-40ff-4078-b8f3-f5d37dfed0dd"",""f8fafdb1-96ab-449a-b35e-0124f50a90eb"",""7888ee6b-9c65-4f96-bfc5-771adcdd30b0"",""8b6d8cc8-e5dc-4afc-97e2-91884b35811a"",""91f8df10-9f26-43ef-9b14-fc0e1b2d1bf9"",""d7bd9e30-9304-448e-81df-2dfeaf927cb8"",""3d9f4a17-a09f-4f8b-a6a0-f487bffc51f9"",""c3fd2e01-9e89-4c78-be81-e7d2170cc7f4"",""c8f0326f-79a3-421d-84b4-d0088e689b7d"",""7dd29981-e50f-409a-8fd5-68a29d5ef0d8"",""00c1e06d-5e66-45a2-a322-900b743b58fc"",""05ecdd1e-e2d4-4f42-b27a-7f8fb48f71fd"",""dd8d0bb6-cb73-4028-99f3-66440db3460f"",""ef119b22-adeb-4919-a8f2-2030052341c4"",""11d6bf6e-7ca4-4ed3-ad14-15304649f97f"",""642e36c0-d22a-4adb-ad46-2b041cd5c4fc"",""3bfd146f-f42a-4d23-aef8-1d5b0932f469"",""1410a2b0-1313-40e3-a5eb-32f62a35b7ab""],""minRequired"":0,""allowPerHalf"":true,""internalName"":""Adicionais Pizzas Grandes Salgadas"",""customMessage"":""Turbine sua pizza com esses adicionais"",""applyToHalfPizza"":true}]",false,pizza,true,2,false,,"[{""id"":""429ed7dc-d200-4a74-a464-462bb2139ade"",""name"":""🍯 Doce de Leite"",""available"":true,""description"":"""",""additionalPrice"":15},{""id"":""5afc6eb7-e4c0-4f09-8fe0-70b203810677"",""name"":""🧀 Cheddar"",""available"":true,""description"":"""",""additionalPrice"":15},{""id"":""880cbc22-7f38-4c19-b43c-ef3cdb169b7d"",""name"":""🧀 Catupiry"",""available"":true,""description"":"""",""additionalPrice"":15},{""id"":""139807d7-f35f-43fb-a346-7f79cf615466"",""name"":""🤎 Chocolate"",""available"":true,""description"":"""",""additionalPrice"":15}]",0,false,2026-05-29 02:17:52.336267+00,2026-05-31 14:23:47.026592+00
sYMdASU6rXagJcRnQiiM,Vegetariana 2	,"Palmito, champignon, cebola, mussarela e manjericão	",55,33,https://xiahufkvflyuvzhuhwpm.supabase.co/storage/v1/object/public/imagens-cardapio/Vegetariana_2-otimizada-31052026113926.webp,grandes-salgadas,[],false,true,true,"[{""id"":""65200a28-fd77-47d6-8d1a-765523d1602b"",""name"":""Adicionais"",""maxAllowed"":10,""variations"":[""f78ebbee-55a3-4455-ae8b-6f67a65415a1"",""579a739b-3dd7-43a1-95bf-4417e13aa85f"",""62412b08-cef0-4c91-bd3d-3f8fe660262b"",""e89d4ef3-40ff-4078-b8f3-f5d37dfed0dd"",""f8fafdb1-96ab-449a-b35e-0124f50a90eb"",""7888ee6b-9c65-4f96-bfc5-771adcdd30b0"",""8b6d8cc8-e5dc-4afc-97e2-91884b35811a"",""91f8df10-9f26-43ef-9b14-fc0e1b2d1bf9"",""d7bd9e30-9304-448e-81df-2dfeaf927cb8"",""3d9f4a17-a09f-4f8b-a6a0-f487bffc51f9"",""c3fd2e01-9e89-4c78-be81-e7d2170cc7f4"",""c8f0326f-79a3-421d-84b4-d0088e689b7d"",""7dd29981-e50f-409a-8fd5-68a29d5ef0d8"",""00c1e06d-5e66-45a2-a322-900b743b58fc"",""05ecdd1e-e2d4-4f42-b27a-7f8fb48f71fd"",""dd8d0bb6-cb73-4028-99f3-66440db3460f"",""ef119b22-adeb-4919-a8f2-2030052341c4"",""11d6bf6e-7ca4-4ed3-ad14-15304649f97f"",""642e36c0-d22a-4adb-ad46-2b041cd5c4fc"",""3bfd146f-f42a-4d23-aef8-1d5b0932f469"",""1410a2b0-1313-40e3-a5eb-32f62a35b7ab""],""minRequired"":0,""allowPerHalf"":true,""internalName"":""Adicionais Pizzas Grandes Salgadas"",""customMessage"":""Turbine sua pizza com esses adicionais"",""applyToHalfPizza"":true}]",false,pizza,true,2,false,,"[{""id"":""429ed7dc-d200-4a74-a464-462bb2139ade"",""name"":""🍯 Doce de Leite"",""available"":true,""description"":"""",""additionalPrice"":15},{""id"":""5afc6eb7-e4c0-4f09-8fe0-70b203810677"",""name"":""🧀 Cheddar"",""available"":true,""description"":"""",""additionalPrice"":15},{""id"":""880cbc22-7f38-4c19-b43c-ef3cdb169b7d"",""name"":""🧀 Catupiry"",""available"":true,""description"":"""",""additionalPrice"":15},{""id"":""139807d7-f35f-43fb-a346-7f79cf615466"",""name"":""🤎 Chocolate"",""available"":true,""description"":"""",""additionalPrice"":15}]",0,false,2026-05-29 02:17:52.336267+00,2026-05-31 14:39:28.878171+00
t0W9BEDuON7NRmmvXDUY,Marguerita Especial,"Mussarela, manjericão, tomate gorgonzola e parmesão",63,37.8,https://xiahufkvflyuvzhuhwpm.supabase.co/storage/v1/object/public/imagens-cardapio/Marguerita_Especial-otimizada-31052026113331.webp,grandes-salgadas,[],false,true,true,"[{""id"":""65200a28-fd77-47d6-8d1a-765523d1602b"",""name"":""Adicionais"",""maxAllowed"":10,""variations"":[""f78ebbee-55a3-4455-ae8b-6f67a65415a1"",""579a739b-3dd7-43a1-95bf-4417e13aa85f"",""62412b08-cef0-4c91-bd3d-3f8fe660262b"",""e89d4ef3-40ff-4078-b8f3-f5d37dfed0dd"",""f8fafdb1-96ab-449a-b35e-0124f50a90eb"",""7888ee6b-9c65-4f96-bfc5-771adcdd30b0"",""8b6d8cc8-e5dc-4afc-97e2-91884b35811a"",""91f8df10-9f26-43ef-9b14-fc0e1b2d1bf9"",""d7bd9e30-9304-448e-81df-2dfeaf927cb8"",""3d9f4a17-a09f-4f8b-a6a0-f487bffc51f9"",""c3fd2e01-9e89-4c78-be81-e7d2170cc7f4"",""c8f0326f-79a3-421d-84b4-d0088e689b7d"",""7dd29981-e50f-409a-8fd5-68a29d5ef0d8"",""00c1e06d-5e66-45a2-a322-900b743b58fc"",""05ecdd1e-e2d4-4f42-b27a-7f8fb48f71fd"",""dd8d0bb6-cb73-4028-99f3-66440db3460f"",""ef119b22-adeb-4919-a8f2-2030052341c4"",""11d6bf6e-7ca4-4ed3-ad14-15304649f97f"",""642e36c0-d22a-4adb-ad46-2b041cd5c4fc"",""3bfd146f-f42a-4d23-aef8-1d5b0932f469"",""1410a2b0-1313-40e3-a5eb-32f62a35b7ab""],""minRequired"":0,""allowPerHalf"":true,""internalName"":""Adicionais Pizzas Grandes Salgadas"",""customMessage"":""Turbine sua pizza com esses adicionais"",""applyToHalfPizza"":true}]",false,pizza,true,2,false,,"[{""id"":""429ed7dc-d200-4a74-a464-462bb2139ade"",""name"":""🍯 Doce de Leite"",""available"":true,""description"":"""",""additionalPrice"":15},{""id"":""5afc6eb7-e4c0-4f09-8fe0-70b203810677"",""name"":""🧀 Cheddar"",""available"":true,""description"":"""",""additionalPrice"":15},{""id"":""880cbc22-7f38-4c19-b43c-ef3cdb169b7d"",""name"":""🧀 Catupiry"",""available"":true,""description"":"""",""additionalPrice"":15},{""id"":""139807d7-f35f-43fb-a346-7f79cf615466"",""name"":""🤎 Chocolate"",""available"":true,""description"":"""",""additionalPrice"":15}]",0,false,2026-05-29 02:17:52.336267+00,2026-05-31 14:33:34.184928+00
T28M5oifKRsrVTmda0yp,Esfiha de Queijo	,Queijo,7,4.2,https://ugxpfpbwyzefkyhpxqra.supabase.co/storage/v1/object/public/imagens-cardapio/Queijo-otimizada-06052026202639.webp,esfihas,[],false,true,false,[],false,padrao,false,2,false,,[],,false,2026-05-29 02:17:52.336267+00,2026-05-29 02:17:52.336267+00
tH6VsPq2muxlFA8SuQNO,Milho Mussarela,Milho e mussarela	,40.5,24.3,https://ugxpfpbwyzefkyhpxqra.supabase.co/storage/v1/object/public/imagens-cardapio/Milho_Mussarela-otimizada-06052026123523.webp,brotos-salgados,[],false,true,false,[],false,pizza,true,2,false,,[],,false,2026-05-29 02:17:52.336267+00,2026-05-29 02:17:52.336267+00
TI8qOG9qUudugZRmXgFL,Vegetariana	1,"Escarola, palmito, ervilha, milho, cebola e tomate seco	",40.5,24.3,https://ugxpfpbwyzefkyhpxqra.supabase.co/storage/v1/object/public/imagens-cardapio/Vegetariana_1-otimizada-06052026124854.webp,brotos-salgados,[],false,true,false,[],false,pizza,false,2,false,,[],,false,2026-05-29 02:17:52.336267+00,2026-05-29 02:17:52.336267+00
TobovYLWab2y1MoEQDj8,Baiana," Calabresa moída, ovos, cebola e pimenta",38.5,23.1,https://ugxpfpbwyzefkyhpxqra.supabase.co/storage/v1/object/public/imagens-cardapio/Baiana-otimizada-06052026121652.webp,brotos-salgados,[],false,true,false,[],false,pizza,false,2,false,,[],,false,2026-05-29 02:17:52.336267+00,2026-05-29 02:17:52.336267+00
tpGc529yLYFnnhEiL5y4,Mussarela,"Mussarela, tomate, molho de tomate e azeitona",40.5,24.3,https://ugxpfpbwyzefkyhpxqra.supabase.co/storage/v1/object/public/imagens-cardapio/Mussarela-otimizada-06052026123742.webp,brotos-salgados,[],false,true,false,[],false,pizza,false,2,false,,[],,false,2026-05-29 02:17:52.336267+00,2026-05-29 02:17:52.336267+00
TpRfW6W3TemRiJMSILJt,Esfiha de Bacon,Bacon,8,4.8,https://ugxpfpbwyzefkyhpxqra.supabase.co/storage/v1/object/public/imagens-cardapio/Bacon-otimizada-06052026202113.webp,esfihas,[],false,true,false,[],false,padrao,false,2,false,,[],,false,2026-05-29 02:17:52.336267+00,2026-05-29 02:17:52.336267+00
u4P8LkVdtLI4jubMJreW,Doce de Leite	,Mussarela e doce de leite	,51,30.6,https://aealgiyzbenbhhftwkxb.supabase.co/storage/v1/object/public/imagens-cardapio/5l2bstki1yx_1777645158662.webp,grandes-doces,[],false,true,true,"[{""id"":""65200a28-fd77-47d6-8d1a-765523d1602b"",""name"":""Adicionais"",""maxAllowed"":10,""variations"":[""f78ebbee-55a3-4455-ae8b-6f67a65415a1"",""579a739b-3dd7-43a1-95bf-4417e13aa85f"",""62412b08-cef0-4c91-bd3d-3f8fe660262b"",""e89d4ef3-40ff-4078-b8f3-f5d37dfed0dd"",""f8fafdb1-96ab-449a-b35e-0124f50a90eb"",""7888ee6b-9c65-4f96-bfc5-771adcdd30b0"",""8b6d8cc8-e5dc-4afc-97e2-91884b35811a"",""91f8df10-9f26-43ef-9b14-fc0e1b2d1bf9"",""d7bd9e30-9304-448e-81df-2dfeaf927cb8"",""3d9f4a17-a09f-4f8b-a6a0-f487bffc51f9"",""c3fd2e01-9e89-4c78-be81-e7d2170cc7f4"",""c8f0326f-79a3-421d-84b4-d0088e689b7d"",""7dd29981-e50f-409a-8fd5-68a29d5ef0d8"",""00c1e06d-5e66-45a2-a322-900b743b58fc"",""05ecdd1e-e2d4-4f42-b27a-7f8fb48f71fd"",""dd8d0bb6-cb73-4028-99f3-66440db3460f"",""ef119b22-adeb-4919-a8f2-2030052341c4"",""11d6bf6e-7ca4-4ed3-ad14-15304649f97f"",""642e36c0-d22a-4adb-ad46-2b041cd5c4fc"",""3bfd146f-f42a-4d23-aef8-1d5b0932f469"",""1410a2b0-1313-40e3-a5eb-32f62a35b7ab""],""minRequired"":0,""allowPerHalf"":true,""internalName"":""Adicionais Pizzas Grandes Salgadas"",""customMessage"":""Turbine sua pizza com esses adicionais"",""applyToHalfPizza"":true}]",false,pizza,true,2,false,,"[{""id"":""429ed7dc-d200-4a74-a464-462bb2139ade"",""name"":""🍯 Doce de Leite"",""available"":true,""description"":"""",""additionalPrice"":15},{""id"":""5afc6eb7-e4c0-4f09-8fe0-70b203810677"",""name"":""🧀 Cheddar"",""available"":true,""description"":"""",""additionalPrice"":15},{""id"":""880cbc22-7f38-4c19-b43c-ef3cdb169b7d"",""name"":""🧀 Catupiry"",""available"":true,""description"":"""",""additionalPrice"":15},{""id"":""139807d7-f35f-43fb-a346-7f79cf615466"",""name"":""🤎 Chocolate"",""available"":true,""description"":"""",""additionalPrice"":15}]",0,false,2026-05-29 02:17:52.336267+00,2026-06-13 21:16:39.887267+00
UalRHgUqg0zD9eInRyj8,Bauru,"Presunto, tomate e mussarela",38.5,23.1,https://ugxpfpbwyzefkyhpxqra.supabase.co/storage/v1/object/public/imagens-cardapio/Bauru-otimizada-06052026121748.webp,brotos-salgados,[],false,true,false,[],false,pizza,false,2,false,,[],,false,2026-05-29 02:17:52.336267+00,2026-05-29 02:17:52.336267+00
UC1mHjycRUfq1NfMsxMp,Peito de Peru 2	,"Peito de peru, mussarela, bacon e parmesão	",55,33,https://xiahufkvflyuvzhuhwpm.supabase.co/storage/v1/object/public/imagens-cardapio/Peito_de_Peru_2-otimizada-31052026113603.webp,grandes-salgadas,[],false,true,true,"[{""id"":""65200a28-fd77-47d6-8d1a-765523d1602b"",""name"":""Adicionais"",""maxAllowed"":10,""variations"":[""f78ebbee-55a3-4455-ae8b-6f67a65415a1"",""579a739b-3dd7-43a1-95bf-4417e13aa85f"",""62412b08-cef0-4c91-bd3d-3f8fe660262b"",""e89d4ef3-40ff-4078-b8f3-f5d37dfed0dd"",""f8fafdb1-96ab-449a-b35e-0124f50a90eb"",""7888ee6b-9c65-4f96-bfc5-771adcdd30b0"",""8b6d8cc8-e5dc-4afc-97e2-91884b35811a"",""91f8df10-9f26-43ef-9b14-fc0e1b2d1bf9"",""d7bd9e30-9304-448e-81df-2dfeaf927cb8"",""3d9f4a17-a09f-4f8b-a6a0-f487bffc51f9"",""c3fd2e01-9e89-4c78-be81-e7d2170cc7f4"",""c8f0326f-79a3-421d-84b4-d0088e689b7d"",""7dd29981-e50f-409a-8fd5-68a29d5ef0d8"",""00c1e06d-5e66-45a2-a322-900b743b58fc"",""05ecdd1e-e2d4-4f42-b27a-7f8fb48f71fd"",""dd8d0bb6-cb73-4028-99f3-66440db3460f"",""ef119b22-adeb-4919-a8f2-2030052341c4"",""11d6bf6e-7ca4-4ed3-ad14-15304649f97f"",""642e36c0-d22a-4adb-ad46-2b041cd5c4fc"",""3bfd146f-f42a-4d23-aef8-1d5b0932f469"",""1410a2b0-1313-40e3-a5eb-32f62a35b7ab""],""minRequired"":0,""allowPerHalf"":true,""internalName"":""Adicionais Pizzas Grandes Salgadas"",""customMessage"":""Turbine sua pizza com esses adicionais"",""applyToHalfPizza"":true}]",false,pizza,true,2,false,,"[{""id"":""429ed7dc-d200-4a74-a464-462bb2139ade"",""name"":""🍯 Doce de Leite"",""available"":true,""description"":"""",""additionalPrice"":15},{""id"":""5afc6eb7-e4c0-4f09-8fe0-70b203810677"",""name"":""🧀 Cheddar"",""available"":true,""description"":"""",""additionalPrice"":15},{""id"":""880cbc22-7f38-4c19-b43c-ef3cdb169b7d"",""name"":""🧀 Catupiry"",""available"":true,""description"":"""",""additionalPrice"":15},{""id"":""139807d7-f35f-43fb-a346-7f79cf615466"",""name"":""🤎 Chocolate"",""available"":true,""description"":"""",""additionalPrice"":15}]",0,false,2026-05-29 02:17:52.336267+00,2026-05-31 14:36:04.95597+00
uIlSoVr3yik1k2tyjPoC,Esfiha Prestígio,Côco e Chocolate,8,4.8,https://ugxpfpbwyzefkyhpxqra.supabase.co/storage/v1/object/public/imagens-cardapio/Esfiha_de_Prestigio__Oliveira_-otimizada-06052026203240.webp,esfihas-doces,[],false,true,false,[],false,padrao,false,2,false,,[],,false,2026-05-29 02:17:52.336267+00,2026-05-29 02:17:52.336267+00
UOd0GLQdGMXZjnonmsLg,Esfiha de Frango c/ Queijo	,Frango c/ Queijo,7.96,4.776,https://ugxpfpbwyzefkyhpxqra.supabase.co/storage/v1/object/public/imagens-cardapio/Frango_com_queijo__Oliveira_-otimizada-06052026202552.webp,esfihas,[],false,true,false,[],false,padrao,false,2,false,,[],,false,2026-05-29 02:17:52.336267+00,2026-05-29 02:17:52.336267+00
uS7Y7S7PpR7YqilfLq76,Moda do Chefe 1,"Mussarela, calabresa moída, escarola, cebola e parmesão	",44.5,26.7,https://ugxpfpbwyzefkyhpxqra.supabase.co/storage/v1/object/public/imagens-cardapio/Moda_do_Chefe_1-otimizada-06052026123605.webp,brotos-salgados,[],false,true,false,[],false,pizza,false,2,false,,[],,false,2026-05-29 02:17:52.336267+00,2026-05-29 02:17:52.336267+00
UWfmFiBmvLA4gguRCRK0,Escarola,"Mussarela, escarola, bacon e cebola",51,30.6,https://xiahufkvflyuvzhuhwpm.supabase.co/storage/v1/object/public/imagens-cardapio/Escarola-otimizada-31052026113005.webp,grandes-salgadas,[],false,true,true,"[{""id"":""65200a28-fd77-47d6-8d1a-765523d1602b"",""name"":""Adicionais"",""maxAllowed"":10,""variations"":[""f78ebbee-55a3-4455-ae8b-6f67a65415a1"",""579a739b-3dd7-43a1-95bf-4417e13aa85f"",""62412b08-cef0-4c91-bd3d-3f8fe660262b"",""e89d4ef3-40ff-4078-b8f3-f5d37dfed0dd"",""f8fafdb1-96ab-449a-b35e-0124f50a90eb"",""7888ee6b-9c65-4f96-bfc5-771adcdd30b0"",""8b6d8cc8-e5dc-4afc-97e2-91884b35811a"",""91f8df10-9f26-43ef-9b14-fc0e1b2d1bf9"",""d7bd9e30-9304-448e-81df-2dfeaf927cb8"",""3d9f4a17-a09f-4f8b-a6a0-f487bffc51f9"",""c3fd2e01-9e89-4c78-be81-e7d2170cc7f4"",""c8f0326f-79a3-421d-84b4-d0088e689b7d"",""7dd29981-e50f-409a-8fd5-68a29d5ef0d8"",""00c1e06d-5e66-45a2-a322-900b743b58fc"",""05ecdd1e-e2d4-4f42-b27a-7f8fb48f71fd"",""dd8d0bb6-cb73-4028-99f3-66440db3460f"",""ef119b22-adeb-4919-a8f2-2030052341c4"",""11d6bf6e-7ca4-4ed3-ad14-15304649f97f"",""642e36c0-d22a-4adb-ad46-2b041cd5c4fc"",""3bfd146f-f42a-4d23-aef8-1d5b0932f469"",""1410a2b0-1313-40e3-a5eb-32f62a35b7ab""],""minRequired"":0,""allowPerHalf"":true,""internalName"":""Adicionais Pizzas Grandes Salgadas"",""customMessage"":""Turbine sua pizza com esses adicionais"",""applyToHalfPizza"":true}]",false,pizza,true,2,false,,"[{""id"":""429ed7dc-d200-4a74-a464-462bb2139ade"",""name"":""🍯 Doce de Leite"",""available"":true,""description"":"""",""additionalPrice"":15},{""id"":""5afc6eb7-e4c0-4f09-8fe0-70b203810677"",""name"":""🧀 Cheddar"",""available"":true,""description"":"""",""additionalPrice"":15},{""id"":""880cbc22-7f38-4c19-b43c-ef3cdb169b7d"",""name"":""🧀 Catupiry"",""available"":true,""description"":"""",""additionalPrice"":15},{""id"":""139807d7-f35f-43fb-a346-7f79cf615466"",""name"":""🤎 Chocolate"",""available"":true,""description"":"""",""additionalPrice"":15}]",0,false,2026-05-29 02:17:52.336267+00,2026-05-31 14:30:09.015412+00
UwHvCgI7aII0b5nc1Wbi,Atumpiry,Atum com catupiry,48,28.8,https://ugxpfpbwyzefkyhpxqra.supabase.co/storage/v1/object/public/imagens-cardapio/Broto_Atumpiry__Pizzaria_Oliveira__IA-otimizada-06052026121002.webp,brotos-salgados,[],false,true,false,[],false,pizza,false,2,false,,[],,false,2026-05-29 02:17:52.336267+00,2026-05-29 02:17:52.336267+00
UZjQJ3NIflugGcG8QJmu,Tricô,"Frango, catupiry e batata palha	",55,33,https://xiahufkvflyuvzhuhwpm.supabase.co/storage/v1/object/public/imagens-cardapio/Trico-otimizada-31052026113900.webp,grandes-salgadas,[],false,true,true,"[{""id"":""65200a28-fd77-47d6-8d1a-765523d1602b"",""name"":""Adicionais"",""maxAllowed"":10,""variations"":[""f78ebbee-55a3-4455-ae8b-6f67a65415a1"",""579a739b-3dd7-43a1-95bf-4417e13aa85f"",""62412b08-cef0-4c91-bd3d-3f8fe660262b"",""e89d4ef3-40ff-4078-b8f3-f5d37dfed0dd"",""f8fafdb1-96ab-449a-b35e-0124f50a90eb"",""7888ee6b-9c65-4f96-bfc5-771adcdd30b0"",""8b6d8cc8-e5dc-4afc-97e2-91884b35811a"",""91f8df10-9f26-43ef-9b14-fc0e1b2d1bf9"",""d7bd9e30-9304-448e-81df-2dfeaf927cb8"",""3d9f4a17-a09f-4f8b-a6a0-f487bffc51f9"",""c3fd2e01-9e89-4c78-be81-e7d2170cc7f4"",""c8f0326f-79a3-421d-84b4-d0088e689b7d"",""7dd29981-e50f-409a-8fd5-68a29d5ef0d8"",""00c1e06d-5e66-45a2-a322-900b743b58fc"",""05ecdd1e-e2d4-4f42-b27a-7f8fb48f71fd"",""dd8d0bb6-cb73-4028-99f3-66440db3460f"",""ef119b22-adeb-4919-a8f2-2030052341c4"",""11d6bf6e-7ca4-4ed3-ad14-15304649f97f"",""642e36c0-d22a-4adb-ad46-2b041cd5c4fc"",""3bfd146f-f42a-4d23-aef8-1d5b0932f469"",""1410a2b0-1313-40e3-a5eb-32f62a35b7ab""],""minRequired"":0,""allowPerHalf"":true,""internalName"":""Adicionais Pizzas Grandes Salgadas"",""customMessage"":""Turbine sua pizza com esses adicionais"",""applyToHalfPizza"":true}]",false,pizza,true,2,false,,"[{""id"":""429ed7dc-d200-4a74-a464-462bb2139ade"",""name"":""🍯 Doce de Leite"",""available"":true,""description"":"""",""additionalPrice"":15},{""id"":""5afc6eb7-e4c0-4f09-8fe0-70b203810677"",""name"":""🧀 Cheddar"",""available"":true,""description"":"""",""additionalPrice"":15},{""id"":""880cbc22-7f38-4c19-b43c-ef3cdb169b7d"",""name"":""🧀 Catupiry"",""available"":true,""description"":"""",""additionalPrice"":15},{""id"":""139807d7-f35f-43fb-a346-7f79cf615466"",""name"":""🤎 Chocolate"",""available"":true,""description"":"""",""additionalPrice"":15}]",0,false,2026-05-29 02:17:52.336267+00,2026-05-31 14:39:01.825766+00
v2RyQuGhGK3C1NJ0LPua,Esfiha de Carne Seca c/ Catupiry	,Carne seca c/ catupiry,10,6,https://ugxpfpbwyzefkyhpxqra.supabase.co/storage/v1/object/public/imagens-cardapio/Carne_Seca_com_catupiry__Oliveira_-otimizada-06052026202300.webp,esfihas,[],false,true,false,[],false,padrao,false,2,false,,[],,false,2026-05-29 02:17:52.336267+00,2026-05-29 02:17:52.336267+00
V3rQCRppOTIGH2nZQdhz,Maçã Verde,"Maçã verde, chocolate branco e canela	",38.5,23.1,https://ugxpfpbwyzefkyhpxqra.supabase.co/storage/v1/object/public/imagens-cardapio/Maca_Verde-otimizada-06052026111522.webp,brotos-doces,[],false,true,false,[],false,pizza,true,2,false,,[],,false,2026-05-29 02:17:52.336267+00,2026-05-29 02:17:52.336267+00
V54GoWpEWtIfJFf75y19,Provolone	,Provolone e rodelas de tomate	,57,34.2,https://xiahufkvflyuvzhuhwpm.supabase.co/storage/v1/object/public/imagens-cardapio/Provolone-otimizada-31052026113717.webp,grandes-salgadas,[],false,true,true,"[{""id"":""65200a28-fd77-47d6-8d1a-765523d1602b"",""name"":""Adicionais"",""maxAllowed"":10,""variations"":[""f78ebbee-55a3-4455-ae8b-6f67a65415a1"",""579a739b-3dd7-43a1-95bf-4417e13aa85f"",""62412b08-cef0-4c91-bd3d-3f8fe660262b"",""e89d4ef3-40ff-4078-b8f3-f5d37dfed0dd"",""f8fafdb1-96ab-449a-b35e-0124f50a90eb"",""7888ee6b-9c65-4f96-bfc5-771adcdd30b0"",""8b6d8cc8-e5dc-4afc-97e2-91884b35811a"",""91f8df10-9f26-43ef-9b14-fc0e1b2d1bf9"",""d7bd9e30-9304-448e-81df-2dfeaf927cb8"",""3d9f4a17-a09f-4f8b-a6a0-f487bffc51f9"",""c3fd2e01-9e89-4c78-be81-e7d2170cc7f4"",""c8f0326f-79a3-421d-84b4-d0088e689b7d"",""7dd29981-e50f-409a-8fd5-68a29d5ef0d8"",""00c1e06d-5e66-45a2-a322-900b743b58fc"",""05ecdd1e-e2d4-4f42-b27a-7f8fb48f71fd"",""dd8d0bb6-cb73-4028-99f3-66440db3460f"",""ef119b22-adeb-4919-a8f2-2030052341c4"",""11d6bf6e-7ca4-4ed3-ad14-15304649f97f"",""642e36c0-d22a-4adb-ad46-2b041cd5c4fc"",""3bfd146f-f42a-4d23-aef8-1d5b0932f469"",""1410a2b0-1313-40e3-a5eb-32f62a35b7ab""],""minRequired"":0,""allowPerHalf"":true,""internalName"":""Adicionais Pizzas Grandes Salgadas"",""customMessage"":""Turbine sua pizza com esses adicionais"",""applyToHalfPizza"":true}]",false,pizza,true,2,false,,"[{""id"":""429ed7dc-d200-4a74-a464-462bb2139ade"",""name"":""🍯 Doce de Leite"",""available"":true,""description"":"""",""additionalPrice"":15},{""id"":""5afc6eb7-e4c0-4f09-8fe0-70b203810677"",""name"":""🧀 Cheddar"",""available"":true,""description"":"""",""additionalPrice"":15},{""id"":""880cbc22-7f38-4c19-b43c-ef3cdb169b7d"",""name"":""🧀 Catupiry"",""available"":true,""description"":"""",""additionalPrice"":15},{""id"":""139807d7-f35f-43fb-a346-7f79cf615466"",""name"":""🤎 Chocolate"",""available"":true,""description"":"""",""additionalPrice"":15}]",0,false,2026-05-29 02:17:52.336267+00,2026-05-31 14:37:19.036821+00
VdCiRKOieXOBMnfsMYOl,Bauru,"Presunto, tomate e mussarela",51,30.6,https://xiahufkvflyuvzhuhwpm.supabase.co/storage/v1/object/public/imagens-cardapio/Bauru-otimizada-31052026112623.webp,grandes-salgadas,[],false,true,true,"[{""id"":""65200a28-fd77-47d6-8d1a-765523d1602b"",""name"":""Adicionais"",""maxAllowed"":10,""variations"":[""f78ebbee-55a3-4455-ae8b-6f67a65415a1"",""579a739b-3dd7-43a1-95bf-4417e13aa85f"",""62412b08-cef0-4c91-bd3d-3f8fe660262b"",""e89d4ef3-40ff-4078-b8f3-f5d37dfed0dd"",""f8fafdb1-96ab-449a-b35e-0124f50a90eb"",""7888ee6b-9c65-4f96-bfc5-771adcdd30b0"",""8b6d8cc8-e5dc-4afc-97e2-91884b35811a"",""91f8df10-9f26-43ef-9b14-fc0e1b2d1bf9"",""d7bd9e30-9304-448e-81df-2dfeaf927cb8"",""3d9f4a17-a09f-4f8b-a6a0-f487bffc51f9"",""c3fd2e01-9e89-4c78-be81-e7d2170cc7f4"",""c8f0326f-79a3-421d-84b4-d0088e689b7d"",""7dd29981-e50f-409a-8fd5-68a29d5ef0d8"",""00c1e06d-5e66-45a2-a322-900b743b58fc"",""05ecdd1e-e2d4-4f42-b27a-7f8fb48f71fd"",""dd8d0bb6-cb73-4028-99f3-66440db3460f"",""ef119b22-adeb-4919-a8f2-2030052341c4"",""11d6bf6e-7ca4-4ed3-ad14-15304649f97f"",""642e36c0-d22a-4adb-ad46-2b041cd5c4fc"",""3bfd146f-f42a-4d23-aef8-1d5b0932f469"",""1410a2b0-1313-40e3-a5eb-32f62a35b7ab""],""minRequired"":0,""allowPerHalf"":true,""internalName"":""Adicionais Pizzas Grandes Salgadas"",""customMessage"":""Turbine sua pizza com esses adicionais"",""applyToHalfPizza"":true}]",false,pizza,true,2,false,,"[{""id"":""429ed7dc-d200-4a74-a464-462bb2139ade"",""name"":""🍯 Doce de Leite"",""available"":true,""description"":"""",""additionalPrice"":15},{""id"":""5afc6eb7-e4c0-4f09-8fe0-70b203810677"",""name"":""🧀 Cheddar"",""available"":true,""description"":"""",""additionalPrice"":15},{""id"":""880cbc22-7f38-4c19-b43c-ef3cdb169b7d"",""name"":""🧀 Catupiry"",""available"":true,""description"":"""",""additionalPrice"":15},{""id"":""139807d7-f35f-43fb-a346-7f79cf615466"",""name"":""🤎 Chocolate"",""available"":true,""description"":"""",""additionalPrice"":15}]",0,false,2026-05-29 02:17:52.336267+00,2026-05-31 14:26:24.682347+00
vhSSRW3xnPGkyCNGagxk,Doritos 2,"Mussarela, catupiry e doritos",44.5,26.7,https://ugxpfpbwyzefkyhpxqra.supabase.co/storage/v1/object/public/imagens-cardapio/Doritos_2-otimizada-06052026122603.webp,brotos-salgados,[],false,true,false,[],false,pizza,false,2,false,,[],,false,2026-05-29 02:17:52.336267+00,2026-05-29 02:17:52.336267+00
VkOf1GKnhXeVPwoVNaks,Aliche,Molho de tomate e aliche,70,42,https://xiahufkvflyuvzhuhwpm.supabase.co/storage/v1/object/public/imagens-cardapio/Aliche-otimizada-31052026112356.webp,grandes-salgadas,[],false,true,true,"[{""id"":""65200a28-fd77-47d6-8d1a-765523d1602b"",""name"":""Adicionais"",""maxAllowed"":10,""variations"":[""f78ebbee-55a3-4455-ae8b-6f67a65415a1"",""579a739b-3dd7-43a1-95bf-4417e13aa85f"",""62412b08-cef0-4c91-bd3d-3f8fe660262b"",""e89d4ef3-40ff-4078-b8f3-f5d37dfed0dd"",""f8fafdb1-96ab-449a-b35e-0124f50a90eb"",""7888ee6b-9c65-4f96-bfc5-771adcdd30b0"",""8b6d8cc8-e5dc-4afc-97e2-91884b35811a"",""91f8df10-9f26-43ef-9b14-fc0e1b2d1bf9"",""d7bd9e30-9304-448e-81df-2dfeaf927cb8"",""3d9f4a17-a09f-4f8b-a6a0-f487bffc51f9"",""c3fd2e01-9e89-4c78-be81-e7d2170cc7f4"",""c8f0326f-79a3-421d-84b4-d0088e689b7d"",""7dd29981-e50f-409a-8fd5-68a29d5ef0d8"",""00c1e06d-5e66-45a2-a322-900b743b58fc"",""05ecdd1e-e2d4-4f42-b27a-7f8fb48f71fd"",""dd8d0bb6-cb73-4028-99f3-66440db3460f"",""ef119b22-adeb-4919-a8f2-2030052341c4"",""11d6bf6e-7ca4-4ed3-ad14-15304649f97f"",""642e36c0-d22a-4adb-ad46-2b041cd5c4fc"",""3bfd146f-f42a-4d23-aef8-1d5b0932f469"",""1410a2b0-1313-40e3-a5eb-32f62a35b7ab""],""minRequired"":0,""allowPerHalf"":true,""internalName"":""Adicionais Pizzas Grandes Salgadas"",""customMessage"":""Turbine sua pizza com esses adicionais"",""applyToHalfPizza"":true}]",false,pizza,true,2,false,,"[{""id"":""429ed7dc-d200-4a74-a464-462bb2139ade"",""name"":""🍯 Doce de Leite"",""available"":true,""description"":"""",""additionalPrice"":15},{""id"":""5afc6eb7-e4c0-4f09-8fe0-70b203810677"",""name"":""🧀 Cheddar"",""available"":true,""description"":"""",""additionalPrice"":15},{""id"":""880cbc22-7f38-4c19-b43c-ef3cdb169b7d"",""name"":""🧀 Catupiry"",""available"":true,""description"":"""",""additionalPrice"":15},{""id"":""139807d7-f35f-43fb-a346-7f79cf615466"",""name"":""🤎 Chocolate"",""available"":true,""description"":"""",""additionalPrice"":15}]",0,false,2026-05-29 02:17:52.336267+00,2026-05-31 14:23:58.865337+00
Vo05lJrfIS7gTCbg7iur,Atumssarela,Atum e Mussarela,48,28.8,https://ugxpfpbwyzefkyhpxqra.supabase.co/storage/v1/object/public/imagens-cardapio/Broto_Atumssarela__Pizzaria_Oliveira__IA-otimizada-06052026121053.webp,brotos-salgados,[],false,true,false,[],false,pizza,false,2,false,,[],,false,2026-05-29 02:17:52.336267+00,2026-05-29 02:17:52.336267+00
VXY9ryBEL5n4gizbXXQp,Palmito 1	,"Palmito, cebola e mussarela	",55,33,https://xiahufkvflyuvzhuhwpm.supabase.co/storage/v1/object/public/imagens-cardapio/Palmito_1-otimizada-31052026113530.webp,grandes-salgadas,[],false,true,true,"[{""id"":""65200a28-fd77-47d6-8d1a-765523d1602b"",""name"":""Adicionais"",""maxAllowed"":10,""variations"":[""f78ebbee-55a3-4455-ae8b-6f67a65415a1"",""579a739b-3dd7-43a1-95bf-4417e13aa85f"",""62412b08-cef0-4c91-bd3d-3f8fe660262b"",""e89d4ef3-40ff-4078-b8f3-f5d37dfed0dd"",""f8fafdb1-96ab-449a-b35e-0124f50a90eb"",""7888ee6b-9c65-4f96-bfc5-771adcdd30b0"",""8b6d8cc8-e5dc-4afc-97e2-91884b35811a"",""91f8df10-9f26-43ef-9b14-fc0e1b2d1bf9"",""d7bd9e30-9304-448e-81df-2dfeaf927cb8"",""3d9f4a17-a09f-4f8b-a6a0-f487bffc51f9"",""c3fd2e01-9e89-4c78-be81-e7d2170cc7f4"",""c8f0326f-79a3-421d-84b4-d0088e689b7d"",""7dd29981-e50f-409a-8fd5-68a29d5ef0d8"",""00c1e06d-5e66-45a2-a322-900b743b58fc"",""05ecdd1e-e2d4-4f42-b27a-7f8fb48f71fd"",""dd8d0bb6-cb73-4028-99f3-66440db3460f"",""ef119b22-adeb-4919-a8f2-2030052341c4"",""11d6bf6e-7ca4-4ed3-ad14-15304649f97f"",""642e36c0-d22a-4adb-ad46-2b041cd5c4fc"",""3bfd146f-f42a-4d23-aef8-1d5b0932f469"",""1410a2b0-1313-40e3-a5eb-32f62a35b7ab""],""minRequired"":0,""allowPerHalf"":true,""internalName"":""Adicionais Pizzas Grandes Salgadas"",""customMessage"":""Turbine sua pizza com esses adicionais"",""applyToHalfPizza"":true}]",false,pizza,true,2,false,,"[{""id"":""429ed7dc-d200-4a74-a464-462bb2139ade"",""name"":""🍯 Doce de Leite"",""available"":true,""description"":"""",""additionalPrice"":15},{""id"":""5afc6eb7-e4c0-4f09-8fe0-70b203810677"",""name"":""🧀 Cheddar"",""available"":true,""description"":"""",""additionalPrice"":15},{""id"":""880cbc22-7f38-4c19-b43c-ef3cdb169b7d"",""name"":""🧀 Catupiry"",""available"":true,""description"":"""",""additionalPrice"":15},{""id"":""139807d7-f35f-43fb-a346-7f79cf615466"",""name"":""🤎 Chocolate"",""available"":true,""description"":"""",""additionalPrice"":15}]",0,false,2026-05-29 02:17:52.336267+00,2026-05-31 14:35:31.829406+00
wjuKWXB5wdX8vb0PKjBw,Mussarela,"Mussarela, tomate, molho de tomate e azeitona",55,33,https://xiahufkvflyuvzhuhwpm.supabase.co/storage/v1/object/public/imagens-cardapio/Mussarela-otimizada-31052026113454.webp,grandes-salgadas,[],false,true,true,"[{""id"":""65200a28-fd77-47d6-8d1a-765523d1602b"",""name"":""Adicionais"",""maxAllowed"":10,""variations"":[""f78ebbee-55a3-4455-ae8b-6f67a65415a1"",""579a739b-3dd7-43a1-95bf-4417e13aa85f"",""62412b08-cef0-4c91-bd3d-3f8fe660262b"",""e89d4ef3-40ff-4078-b8f3-f5d37dfed0dd"",""f8fafdb1-96ab-449a-b35e-0124f50a90eb"",""7888ee6b-9c65-4f96-bfc5-771adcdd30b0"",""8b6d8cc8-e5dc-4afc-97e2-91884b35811a"",""91f8df10-9f26-43ef-9b14-fc0e1b2d1bf9"",""d7bd9e30-9304-448e-81df-2dfeaf927cb8"",""3d9f4a17-a09f-4f8b-a6a0-f487bffc51f9"",""c3fd2e01-9e89-4c78-be81-e7d2170cc7f4"",""c8f0326f-79a3-421d-84b4-d0088e689b7d"",""7dd29981-e50f-409a-8fd5-68a29d5ef0d8"",""00c1e06d-5e66-45a2-a322-900b743b58fc"",""05ecdd1e-e2d4-4f42-b27a-7f8fb48f71fd"",""dd8d0bb6-cb73-4028-99f3-66440db3460f"",""ef119b22-adeb-4919-a8f2-2030052341c4"",""11d6bf6e-7ca4-4ed3-ad14-15304649f97f"",""642e36c0-d22a-4adb-ad46-2b041cd5c4fc"",""3bfd146f-f42a-4d23-aef8-1d5b0932f469"",""1410a2b0-1313-40e3-a5eb-32f62a35b7ab""],""minRequired"":0,""allowPerHalf"":true,""internalName"":""Adicionais Pizzas Grandes Salgadas"",""customMessage"":""Turbine sua pizza com esses adicionais"",""applyToHalfPizza"":true}]",false,pizza,true,2,false,,"[{""id"":""429ed7dc-d200-4a74-a464-462bb2139ade"",""name"":""🍯 Doce de Leite"",""available"":true,""description"":"""",""additionalPrice"":15},{""id"":""5afc6eb7-e4c0-4f09-8fe0-70b203810677"",""name"":""🧀 Cheddar"",""available"":true,""description"":"""",""additionalPrice"":15},{""id"":""880cbc22-7f38-4c19-b43c-ef3cdb169b7d"",""name"":""🧀 Catupiry"",""available"":true,""description"":"""",""additionalPrice"":15},{""id"":""139807d7-f35f-43fb-a346-7f79cf615466"",""name"":""🤎 Chocolate"",""available"":true,""description"":"""",""additionalPrice"":15}]",0,false,2026-05-29 02:17:52.336267+00,2026-05-31 14:34:56.337701+00
WPnnZ2Wys0gncxcMjkuR,Palmito 2,Palmito e catupiry	,55,33,https://xiahufkvflyuvzhuhwpm.supabase.co/storage/v1/object/public/imagens-cardapio/Palmito_2-otimizada-31052026113541.webp,grandes-salgadas,[],false,true,true,"[{""id"":""65200a28-fd77-47d6-8d1a-765523d1602b"",""name"":""Adicionais"",""maxAllowed"":10,""variations"":[""f78ebbee-55a3-4455-ae8b-6f67a65415a1"",""579a739b-3dd7-43a1-95bf-4417e13aa85f"",""62412b08-cef0-4c91-bd3d-3f8fe660262b"",""e89d4ef3-40ff-4078-b8f3-f5d37dfed0dd"",""f8fafdb1-96ab-449a-b35e-0124f50a90eb"",""7888ee6b-9c65-4f96-bfc5-771adcdd30b0"",""8b6d8cc8-e5dc-4afc-97e2-91884b35811a"",""91f8df10-9f26-43ef-9b14-fc0e1b2d1bf9"",""d7bd9e30-9304-448e-81df-2dfeaf927cb8"",""3d9f4a17-a09f-4f8b-a6a0-f487bffc51f9"",""c3fd2e01-9e89-4c78-be81-e7d2170cc7f4"",""c8f0326f-79a3-421d-84b4-d0088e689b7d"",""7dd29981-e50f-409a-8fd5-68a29d5ef0d8"",""00c1e06d-5e66-45a2-a322-900b743b58fc"",""05ecdd1e-e2d4-4f42-b27a-7f8fb48f71fd"",""dd8d0bb6-cb73-4028-99f3-66440db3460f"",""ef119b22-adeb-4919-a8f2-2030052341c4"",""11d6bf6e-7ca4-4ed3-ad14-15304649f97f"",""642e36c0-d22a-4adb-ad46-2b041cd5c4fc"",""3bfd146f-f42a-4d23-aef8-1d5b0932f469"",""1410a2b0-1313-40e3-a5eb-32f62a35b7ab""],""minRequired"":0,""allowPerHalf"":true,""internalName"":""Adicionais Pizzas Grandes Salgadas"",""customMessage"":""Turbine sua pizza com esses adicionais"",""applyToHalfPizza"":true}]",false,pizza,true,2,false,,"[{""id"":""429ed7dc-d200-4a74-a464-462bb2139ade"",""name"":""🍯 Doce de Leite"",""available"":true,""description"":"""",""additionalPrice"":15},{""id"":""5afc6eb7-e4c0-4f09-8fe0-70b203810677"",""name"":""🧀 Cheddar"",""available"":true,""description"":"""",""additionalPrice"":15},{""id"":""880cbc22-7f38-4c19-b43c-ef3cdb169b7d"",""name"":""🧀 Catupiry"",""available"":true,""description"":"""",""additionalPrice"":15},{""id"":""139807d7-f35f-43fb-a346-7f79cf615466"",""name"":""🤎 Chocolate"",""available"":true,""description"":"""",""additionalPrice"":15}]",0,false,2026-05-29 02:17:52.336267+00,2026-05-31 14:35:43.141158+00
WqjBiTjloBnz8Xybuelw,Atum,Escolha como quer sua pizza de atum,70,42,https://xiahufkvflyuvzhuhwpm.supabase.co/storage/v1/object/public/imagens-cardapio/Atum-otimizada-31052026112412.webp,grandes-salgadas,[],false,true,true,"[{""id"":""65200a28-fd77-47d6-8d1a-765523d1602b"",""name"":""Adicionais"",""maxAllowed"":10,""variations"":[""f78ebbee-55a3-4455-ae8b-6f67a65415a1"",""579a739b-3dd7-43a1-95bf-4417e13aa85f"",""62412b08-cef0-4c91-bd3d-3f8fe660262b"",""e89d4ef3-40ff-4078-b8f3-f5d37dfed0dd"",""f8fafdb1-96ab-449a-b35e-0124f50a90eb"",""7888ee6b-9c65-4f96-bfc5-771adcdd30b0"",""8b6d8cc8-e5dc-4afc-97e2-91884b35811a"",""91f8df10-9f26-43ef-9b14-fc0e1b2d1bf9"",""d7bd9e30-9304-448e-81df-2dfeaf927cb8"",""3d9f4a17-a09f-4f8b-a6a0-f487bffc51f9"",""c3fd2e01-9e89-4c78-be81-e7d2170cc7f4"",""c8f0326f-79a3-421d-84b4-d0088e689b7d"",""7dd29981-e50f-409a-8fd5-68a29d5ef0d8"",""00c1e06d-5e66-45a2-a322-900b743b58fc"",""05ecdd1e-e2d4-4f42-b27a-7f8fb48f71fd"",""dd8d0bb6-cb73-4028-99f3-66440db3460f"",""ef119b22-adeb-4919-a8f2-2030052341c4"",""11d6bf6e-7ca4-4ed3-ad14-15304649f97f"",""642e36c0-d22a-4adb-ad46-2b041cd5c4fc"",""3bfd146f-f42a-4d23-aef8-1d5b0932f469"",""1410a2b0-1313-40e3-a5eb-32f62a35b7ab""],""minRequired"":0,""allowPerHalf"":true,""internalName"":""Adicionais Pizzas Grandes Salgadas"",""customMessage"":""Turbine sua pizza com esses adicionais"",""applyToHalfPizza"":true}]",false,pizza,true,2,false,,"[{""id"":""429ed7dc-d200-4a74-a464-462bb2139ade"",""name"":""🍯 Doce de Leite"",""available"":true,""description"":"""",""additionalPrice"":15},{""id"":""5afc6eb7-e4c0-4f09-8fe0-70b203810677"",""name"":""🧀 Cheddar"",""available"":true,""description"":"""",""additionalPrice"":15},{""id"":""880cbc22-7f38-4c19-b43c-ef3cdb169b7d"",""name"":""🧀 Catupiry"",""available"":true,""description"":"""",""additionalPrice"":15},{""id"":""139807d7-f35f-43fb-a346-7f79cf615466"",""name"":""🤎 Chocolate"",""available"":true,""description"":"""",""additionalPrice"":15}]",0,false,2026-05-29 02:17:52.336267+00,2026-05-31 14:24:15.151933+00
WS1m7TFvNezt20D1xxh4,Carne Seca 1,"Carne seca, mussarela, cebola e provolone",48,28.8,https://ugxpfpbwyzefkyhpxqra.supabase.co/storage/v1/object/public/imagens-cardapio/Carne_Seca_1-otimizada-06052026122219.webp,brotos-salgados,[],false,true,false,[],false,pizza,false,2,false,,[],,false,2026-05-29 02:17:52.336267+00,2026-05-29 02:17:52.336267+00
wV9IpGZXYSeoxUetJbpV,Abobrinha Especial,"Abobrinha, creme cheese, alho poró e tomate cereja",44.5,26.7,https://ugxpfpbwyzefkyhpxqra.supabase.co/storage/v1/object/public/imagens-cardapio/Broto_Abobrinha_Especial__Pizzaria_Oliveira__IA-otimizada-06052026115333.webp,brotos-salgados,[],false,true,false,[],false,pizza,false,2,false,,[],,false,2026-05-29 02:17:52.336267+00,2026-05-29 02:17:52.336267+00
XAXsfVnwagzb0CUJuaoc,Pepsi Black,Pet 2L,16,9.6,https://ugxpfpbwyzefkyhpxqra.supabase.co/storage/v1/object/public/imagens-cardapio/PepsiBlack-otimizada-07052026142908.webp,bebidas,[],false,false,false,[],false,padrao,false,2,false,,[],,false,2026-05-29 02:17:52.336267+00,2026-05-29 02:17:52.336267+00
xH6AuNsZMItVB26NLMR7,Carne Seca 2,"Carne seca, catupiry e cebola",48,28.8,https://ugxpfpbwyzefkyhpxqra.supabase.co/storage/v1/object/public/imagens-cardapio/Carne_Seca_2-otimizada-06052026122239.webp,brotos-salgados,[],false,true,false,[],false,pizza,false,2,false,,[],,false,2026-05-29 02:17:52.336267+00,2026-05-29 02:17:52.336267+00
XJla4cdOGDE5B9nTGIIW,Brócolis 1,"Mussarela, calabresa moida, brócolis e cebola",40.5,24.3,https://ugxpfpbwyzefkyhpxqra.supabase.co/storage/v1/object/public/imagens-cardapio/Brocolis_1-otimizada-06052026121844.webp,brotos-salgados,[],false,true,false,[],false,pizza,false,2,false,,[],,false,2026-05-29 02:17:52.336267+00,2026-05-29 02:17:52.336267+00
XLiI9PT29VjrvjGghagJ,Esfiha de Escarola com Mussarela,Escarola com Mussarela,8,4.8,https://ugxpfpbwyzefkyhpxqra.supabase.co/storage/v1/object/public/imagens-cardapio/Escarola_com_Mussarela__Oliveira_-otimizada-06052026202519.webp,esfihas,[],false,true,false,[],false,padrao,false,2,false,,[],,false,2026-05-29 02:17:52.336267+00,2026-05-29 02:17:52.336267+00
XYXrQyDwEB1hXwIgjKWh,Esfiha de Nutella com Leite Ninho,Nutella com Leite Ninho,12,7.2,https://ugxpfpbwyzefkyhpxqra.supabase.co/storage/v1/object/public/imagens-cardapio/Esfiha_de_Nutella_com_leite_ninho__Oliveira_-otimizada-06052026203132.webp,esfihas-doces,[],false,true,false,[],false,padrao,false,2,false,,[],,false,2026-05-29 02:17:52.336267+00,2026-05-29 02:17:52.336267+00
Y20FpaxYyYPrEJ3u8RiU,Esfiha de Brócolis com Catupiry,Brócolis com Catupiry,9,5.4,https://ugxpfpbwyzefkyhpxqra.supabase.co/storage/v1/object/public/imagens-cardapio/Brocolis_com_catupiry__Oliveira_-otimizada-06052026202128.webp,esfihas,[],false,true,false,[],false,padrao,false,2,false,,[],,false,2026-05-29 02:17:52.336267+00,2026-05-29 02:17:52.336267+00
y3ARc31xwNBzrGQOjnpv,Esfiha de Nutella,Nutella,12,7.2,https://ugxpfpbwyzefkyhpxqra.supabase.co/storage/v1/object/public/imagens-cardapio/Esfiha_de_Nutella__Oliveira_-otimizada-06052026203034.webp,esfihas-doces,[],false,true,false,[],false,padrao,false,2,false,,[],,false,2026-05-29 02:17:52.336267+00,2026-05-29 02:17:52.336267+00
yaqCyytVtQ1uvyBzqgWE,Tricô,"Frango, catupiry e batata palha	",40.5,24.3,https://ugxpfpbwyzefkyhpxqra.supabase.co/storage/v1/object/public/imagens-cardapio/Trico-otimizada-06052026124833.webp,brotos-salgados,[],false,true,false,[],false,pizza,false,2,false,,[],,false,2026-05-29 02:17:52.336267+00,2026-05-29 02:17:52.336267+00
Yj5OOTzpDOCg203VrxOa,Esfiha de Nutella com Leite Ninho e Morango,Nutella com Leite Ninho e Morango,14,8.4,https://ugxpfpbwyzefkyhpxqra.supabase.co/storage/v1/object/public/imagens-cardapio/Esfiha_de_Nutella_com_Leite_Ninho_e_Morango__Oliveira_-otimizada-06052026203149.webp,esfihas-doces,[],false,true,false,[],false,padrao,false,2,false,,[],,false,2026-05-29 02:17:52.336267+00,2026-05-29 02:17:52.336267+00
YlJRiH49LpTVguxyh14N,Quatro Queijos,"Muçarela, Catupiry. Parmesão e Provolone",40.5,24.3,https://ugxpfpbwyzefkyhpxqra.supabase.co/storage/v1/object/public/imagens-cardapio/Quatro_Queijos_2-otimizada-06052026124314.webp,brotos-salgados,[],false,true,false,[],false,pizza,false,2,false,,[],,false,2026-05-29 02:17:52.336267+00,2026-05-29 02:17:52.336267+00
yMMTic2Gt2Vto3TsBxzS,Frango 3	,Frango e cheddar	,55,33,https://xiahufkvflyuvzhuhwpm.supabase.co/storage/v1/object/public/imagens-cardapio/Frango_3-otimizada-31052026113102.webp,grandes-salgadas,[],false,true,true,"[{""id"":""65200a28-fd77-47d6-8d1a-765523d1602b"",""name"":""Adicionais"",""maxAllowed"":10,""variations"":[""f78ebbee-55a3-4455-ae8b-6f67a65415a1"",""579a739b-3dd7-43a1-95bf-4417e13aa85f"",""62412b08-cef0-4c91-bd3d-3f8fe660262b"",""e89d4ef3-40ff-4078-b8f3-f5d37dfed0dd"",""f8fafdb1-96ab-449a-b35e-0124f50a90eb"",""7888ee6b-9c65-4f96-bfc5-771adcdd30b0"",""8b6d8cc8-e5dc-4afc-97e2-91884b35811a"",""91f8df10-9f26-43ef-9b14-fc0e1b2d1bf9"",""d7bd9e30-9304-448e-81df-2dfeaf927cb8"",""3d9f4a17-a09f-4f8b-a6a0-f487bffc51f9"",""c3fd2e01-9e89-4c78-be81-e7d2170cc7f4"",""c8f0326f-79a3-421d-84b4-d0088e689b7d"",""7dd29981-e50f-409a-8fd5-68a29d5ef0d8"",""00c1e06d-5e66-45a2-a322-900b743b58fc"",""05ecdd1e-e2d4-4f42-b27a-7f8fb48f71fd"",""dd8d0bb6-cb73-4028-99f3-66440db3460f"",""ef119b22-adeb-4919-a8f2-2030052341c4"",""11d6bf6e-7ca4-4ed3-ad14-15304649f97f"",""642e36c0-d22a-4adb-ad46-2b041cd5c4fc"",""3bfd146f-f42a-4d23-aef8-1d5b0932f469"",""1410a2b0-1313-40e3-a5eb-32f62a35b7ab""],""minRequired"":0,""allowPerHalf"":true,""internalName"":""Adicionais Pizzas Grandes Salgadas"",""customMessage"":""Turbine sua pizza com esses adicionais"",""applyToHalfPizza"":true}]",false,pizza,true,2,false,,"[{""id"":""429ed7dc-d200-4a74-a464-462bb2139ade"",""name"":""🍯 Doce de Leite"",""available"":true,""description"":"""",""additionalPrice"":15},{""id"":""5afc6eb7-e4c0-4f09-8fe0-70b203810677"",""name"":""🧀 Cheddar"",""available"":true,""description"":"""",""additionalPrice"":15},{""id"":""880cbc22-7f38-4c19-b43c-ef3cdb169b7d"",""name"":""🧀 Catupiry"",""available"":true,""description"":"""",""additionalPrice"":15},{""id"":""139807d7-f35f-43fb-a346-7f79cf615466"",""name"":""🤎 Chocolate"",""available"":true,""description"":"""",""additionalPrice"":15}]",0,false,2026-05-29 02:17:52.336267+00,2026-05-31 14:31:04.24511+00
yO83BjuTfusThjgdiCmJ,Coca Cola,Pet 2L,18,10.8,https://xiahufkvflyuvzhuhwpm.supabase.co/storage/v1/object/public/imagens-cardapio/coca_cola_2L-31052026112132.webp,bebidas,[],false,true,false,[],false,padrao,false,2,false,,[],,false,2026-05-29 02:17:52.336267+00,2026-05-31 14:21:34.104317+00
Yx8gvFui4A4ewKobouCZ,Ouro Branco,Chocolate ao leite e Ouro Branco	,38.5,23.1,https://ugxpfpbwyzefkyhpxqra.supabase.co/storage/v1/object/public/imagens-cardapio/Ouro_Branco-otimizada-06052026111545.webp,brotos-doces,[],false,true,false,[],false,pizza,true,2,false,,[],,false,2026-05-29 02:17:52.336267+00,2026-05-29 02:17:52.336267+00
YYTdeaa8momCMaibb7c4,Calabresa,Calabresa e cebola,38.5,23.1,https://ugxpfpbwyzefkyhpxqra.supabase.co/storage/v1/object/public/imagens-cardapio/Calabresa-otimizada-06052026122035.webp,brotos-salgados,[],false,true,false,[],false,pizza,false,2,false,,[],,false,2026-05-29 02:17:52.336267+00,2026-05-29 02:17:52.336267+00
Z1v2orLLIdN0w7sXrsWZ,Esfiha Calabresa c/ Queijo	,Calabresa com Queijo,8,4.8,https://ugxpfpbwyzefkyhpxqra.supabase.co/storage/v1/object/public/imagens-cardapio/Calabresa_com_Queijo-otimizada-06052026201748.webp,esfihas,[],false,true,false,[],false,padrao,false,2,false,,[],,false,2026-05-29 02:17:52.336267+00,2026-05-29 02:17:52.336267+00
Z9mdU4tGdWx3lfJq7Gou,Abobrinha,Escolha como quer sua pizza de abobrinha,54,32.4,https://xiahufkvflyuvzhuhwpm.supabase.co/storage/v1/object/public/imagens-cardapio/Abobrinha-otimizada-31052026112314.webp,grandes-salgadas,[],false,true,true,"[{""id"":""65200a28-fd77-47d6-8d1a-765523d1602b"",""name"":""Adicionais"",""maxAllowed"":10,""variations"":[""f78ebbee-55a3-4455-ae8b-6f67a65415a1"",""579a739b-3dd7-43a1-95bf-4417e13aa85f"",""62412b08-cef0-4c91-bd3d-3f8fe660262b"",""e89d4ef3-40ff-4078-b8f3-f5d37dfed0dd"",""f8fafdb1-96ab-449a-b35e-0124f50a90eb"",""7888ee6b-9c65-4f96-bfc5-771adcdd30b0"",""8b6d8cc8-e5dc-4afc-97e2-91884b35811a"",""91f8df10-9f26-43ef-9b14-fc0e1b2d1bf9"",""d7bd9e30-9304-448e-81df-2dfeaf927cb8"",""3d9f4a17-a09f-4f8b-a6a0-f487bffc51f9"",""c3fd2e01-9e89-4c78-be81-e7d2170cc7f4"",""c8f0326f-79a3-421d-84b4-d0088e689b7d"",""7dd29981-e50f-409a-8fd5-68a29d5ef0d8"",""00c1e06d-5e66-45a2-a322-900b743b58fc"",""05ecdd1e-e2d4-4f42-b27a-7f8fb48f71fd"",""dd8d0bb6-cb73-4028-99f3-66440db3460f"",""ef119b22-adeb-4919-a8f2-2030052341c4"",""11d6bf6e-7ca4-4ed3-ad14-15304649f97f"",""642e36c0-d22a-4adb-ad46-2b041cd5c4fc"",""3bfd146f-f42a-4d23-aef8-1d5b0932f469"",""1410a2b0-1313-40e3-a5eb-32f62a35b7ab""],""minRequired"":0,""allowPerHalf"":true,""internalName"":""Adicionais Pizzas Grandes Salgadas"",""customMessage"":""Turbine sua pizza com esses adicionais"",""applyToHalfPizza"":true}]",false,pizza,true,2,false,,"[{""id"":""429ed7dc-d200-4a74-a464-462bb2139ade"",""name"":""🍯 Doce de Leite"",""available"":true,""description"":"""",""additionalPrice"":15},{""id"":""5afc6eb7-e4c0-4f09-8fe0-70b203810677"",""name"":""🧀 Cheddar"",""available"":true,""description"":"""",""additionalPrice"":15},{""id"":""880cbc22-7f38-4c19-b43c-ef3cdb169b7d"",""name"":""🧀 Catupiry"",""available"":true,""description"":"""",""additionalPrice"":15},{""id"":""139807d7-f35f-43fb-a346-7f79cf615466"",""name"":""🤎 Chocolate"",""available"":true,""description"":"""",""additionalPrice"":15}]",0,false,2026-05-29 02:17:52.336267+00,2026-05-31 14:23:17.890466+00
zEm8HeFcvn9CJcYCnfGr,"Fanta Guaraná ","Pet 2L ",16,9.6,https://ugxpfpbwyzefkyhpxqra.supabase.co/storage/v1/object/public/imagens-cardapio/Fanta_Guarana-otimizada-07052026134056.webp,bebidas,[],false,true,false,[],false,padrao,false,2,false,,[],,false,2026-05-29 02:17:52.336267+00,2026-05-29 02:17:52.336267+00
ZeUefG9BVCpecKRXSHvc,Chomix,Chocolate ao leite branco e preto,31.5,18.9,https://ugxpfpbwyzefkyhpxqra.supabase.co/storage/v1/object/public/imagens-cardapio/Chomix-otimizada-06052026111439.webp,brotos-doces,[],false,true,false,[],false,pizza,true,2,false,,[],,false,2026-05-29 02:17:52.336267+00,2026-05-29 02:17:52.336267+00
ziRp9qOFHSBgkvDI1dwn,Banana 1	,"Banana, canela e açúcar, flambada	",51,30.6,https://aealgiyzbenbhhftwkxb.supabase.co/storage/v1/object/public/imagens-cardapio/ioi1kxj16er_1777645045103.webp,grandes-doces,[],false,true,true,"[{""id"":""65200a28-fd77-47d6-8d1a-765523d1602b"",""name"":""Adicionais"",""maxAllowed"":10,""variations"":[""f78ebbee-55a3-4455-ae8b-6f67a65415a1"",""579a739b-3dd7-43a1-95bf-4417e13aa85f"",""62412b08-cef0-4c91-bd3d-3f8fe660262b"",""e89d4ef3-40ff-4078-b8f3-f5d37dfed0dd"",""f8fafdb1-96ab-449a-b35e-0124f50a90eb"",""7888ee6b-9c65-4f96-bfc5-771adcdd30b0"",""8b6d8cc8-e5dc-4afc-97e2-91884b35811a"",""91f8df10-9f26-43ef-9b14-fc0e1b2d1bf9"",""d7bd9e30-9304-448e-81df-2dfeaf927cb8"",""3d9f4a17-a09f-4f8b-a6a0-f487bffc51f9"",""c3fd2e01-9e89-4c78-be81-e7d2170cc7f4"",""c8f0326f-79a3-421d-84b4-d0088e689b7d"",""7dd29981-e50f-409a-8fd5-68a29d5ef0d8"",""00c1e06d-5e66-45a2-a322-900b743b58fc"",""05ecdd1e-e2d4-4f42-b27a-7f8fb48f71fd"",""dd8d0bb6-cb73-4028-99f3-66440db3460f"",""ef119b22-adeb-4919-a8f2-2030052341c4"",""11d6bf6e-7ca4-4ed3-ad14-15304649f97f"",""642e36c0-d22a-4adb-ad46-2b041cd5c4fc"",""3bfd146f-f42a-4d23-aef8-1d5b0932f469"",""1410a2b0-1313-40e3-a5eb-32f62a35b7ab""],""minRequired"":0,""allowPerHalf"":true,""internalName"":""Adicionais Pizzas Grandes Salgadas"",""customMessage"":""Turbine sua pizza com esses adicionais"",""applyToHalfPizza"":true}]",false,pizza,true,2,false,,"[{""id"":""429ed7dc-d200-4a74-a464-462bb2139ade"",""name"":""🍯 Doce de Leite"",""available"":true,""description"":"""",""additionalPrice"":15},{""id"":""5afc6eb7-e4c0-4f09-8fe0-70b203810677"",""name"":""🧀 Cheddar"",""available"":true,""description"":"""",""additionalPrice"":15},{""id"":""880cbc22-7f38-4c19-b43c-ef3cdb169b7d"",""name"":""🧀 Catupiry"",""available"":true,""description"":"""",""additionalPrice"":15},{""id"":""139807d7-f35f-43fb-a346-7f79cf615466"",""name"":""🤎 Chocolate"",""available"":true,""description"":"""",""additionalPrice"":15}]",0,false,2026-05-29 02:17:52.336267+00,2026-06-13 21:16:39.887267+00
zLhFlNhQpLoJlKoljRCg,Moda do Chefe 1	,"Mussarela, calabresa moída, escarola, cebola e parmesão	",63,37.8,https://xiahufkvflyuvzhuhwpm.supabase.co/storage/v1/object/public/imagens-cardapio/Moda_do_Chefe_1-otimizada-31052026113415.webp,grandes-salgadas,[],false,true,true,"[{""id"":""65200a28-fd77-47d6-8d1a-765523d1602b"",""name"":""Adicionais"",""maxAllowed"":10,""variations"":[""f78ebbee-55a3-4455-ae8b-6f67a65415a1"",""579a739b-3dd7-43a1-95bf-4417e13aa85f"",""62412b08-cef0-4c91-bd3d-3f8fe660262b"",""e89d4ef3-40ff-4078-b8f3-f5d37dfed0dd"",""f8fafdb1-96ab-449a-b35e-0124f50a90eb"",""7888ee6b-9c65-4f96-bfc5-771adcdd30b0"",""8b6d8cc8-e5dc-4afc-97e2-91884b35811a"",""91f8df10-9f26-43ef-9b14-fc0e1b2d1bf9"",""d7bd9e30-9304-448e-81df-2dfeaf927cb8"",""3d9f4a17-a09f-4f8b-a6a0-f487bffc51f9"",""c3fd2e01-9e89-4c78-be81-e7d2170cc7f4"",""c8f0326f-79a3-421d-84b4-d0088e689b7d"",""7dd29981-e50f-409a-8fd5-68a29d5ef0d8"",""00c1e06d-5e66-45a2-a322-900b743b58fc"",""05ecdd1e-e2d4-4f42-b27a-7f8fb48f71fd"",""dd8d0bb6-cb73-4028-99f3-66440db3460f"",""ef119b22-adeb-4919-a8f2-2030052341c4"",""11d6bf6e-7ca4-4ed3-ad14-15304649f97f"",""642e36c0-d22a-4adb-ad46-2b041cd5c4fc"",""3bfd146f-f42a-4d23-aef8-1d5b0932f469"",""1410a2b0-1313-40e3-a5eb-32f62a35b7ab""],""minRequired"":0,""allowPerHalf"":true,""internalName"":""Adicionais Pizzas Grandes Salgadas"",""customMessage"":""Turbine sua pizza com esses adicionais"",""applyToHalfPizza"":true}]",false,pizza,true,2,false,,"[{""id"":""429ed7dc-d200-4a74-a464-462bb2139ade"",""name"":""🍯 Doce de Leite"",""available"":true,""description"":"""",""additionalPrice"":15},{""id"":""5afc6eb7-e4c0-4f09-8fe0-70b203810677"",""name"":""🧀 Cheddar"",""available"":true,""description"":"""",""additionalPrice"":15},{""id"":""880cbc22-7f38-4c19-b43c-ef3cdb169b7d"",""name"":""🧀 Catupiry"",""available"":true,""description"":"""",""additionalPrice"":15},{""id"":""139807d7-f35f-43fb-a346-7f79cf615466"",""name"":""🤎 Chocolate"",""available"":true,""description"":"""",""additionalPrice"":15}]",0,false,2026-05-29 02:17:52.336267+00,2026-05-31 14:34:18.145665+00
ZMS5tFmtdxUnTvzdi20H,Lombo Especial,"Lombo, mussarela, champignon, bacon e parmesão",63,37.8,https://xiahufkvflyuvzhuhwpm.supabase.co/storage/v1/object/public/imagens-cardapio/Lombo_Especial-otimizada-31052026113248.webp,grandes-salgadas,[],false,true,true,"[{""id"":""65200a28-fd77-47d6-8d1a-765523d1602b"",""name"":""Adicionais"",""maxAllowed"":10,""variations"":[""f78ebbee-55a3-4455-ae8b-6f67a65415a1"",""579a739b-3dd7-43a1-95bf-4417e13aa85f"",""62412b08-cef0-4c91-bd3d-3f8fe660262b"",""e89d4ef3-40ff-4078-b8f3-f5d37dfed0dd"",""f8fafdb1-96ab-449a-b35e-0124f50a90eb"",""7888ee6b-9c65-4f96-bfc5-771adcdd30b0"",""8b6d8cc8-e5dc-4afc-97e2-91884b35811a"",""91f8df10-9f26-43ef-9b14-fc0e1b2d1bf9"",""d7bd9e30-9304-448e-81df-2dfeaf927cb8"",""3d9f4a17-a09f-4f8b-a6a0-f487bffc51f9"",""c3fd2e01-9e89-4c78-be81-e7d2170cc7f4"",""c8f0326f-79a3-421d-84b4-d0088e689b7d"",""7dd29981-e50f-409a-8fd5-68a29d5ef0d8"",""00c1e06d-5e66-45a2-a322-900b743b58fc"",""05ecdd1e-e2d4-4f42-b27a-7f8fb48f71fd"",""dd8d0bb6-cb73-4028-99f3-66440db3460f"",""ef119b22-adeb-4919-a8f2-2030052341c4"",""11d6bf6e-7ca4-4ed3-ad14-15304649f97f"",""642e36c0-d22a-4adb-ad46-2b041cd5c4fc"",""3bfd146f-f42a-4d23-aef8-1d5b0932f469"",""1410a2b0-1313-40e3-a5eb-32f62a35b7ab""],""minRequired"":0,""allowPerHalf"":true,""internalName"":""Adicionais Pizzas Grandes Salgadas"",""customMessage"":""Turbine sua pizza com esses adicionais"",""applyToHalfPizza"":true}]",false,pizza,true,2,false,,"[{""id"":""429ed7dc-d200-4a74-a464-462bb2139ade"",""name"":""🍯 Doce de Leite"",""available"":true,""description"":"""",""additionalPrice"":15},{""id"":""5afc6eb7-e4c0-4f09-8fe0-70b203810677"",""name"":""🧀 Cheddar"",""available"":true,""description"":"""",""additionalPrice"":15},{""id"":""880cbc22-7f38-4c19-b43c-ef3cdb169b7d"",""name"":""🧀 Catupiry"",""available"":true,""description"":"""",""additionalPrice"":15},{""id"":""139807d7-f35f-43fb-a346-7f79cf615466"",""name"":""🤎 Chocolate"",""available"":true,""description"":"""",""additionalPrice"":15}]",0,false,2026-05-29 02:17:52.336267+00,2026-05-31 14:32:50.209156+00
ZTeXisd8TW1CWxVqcejh,Dolly Guaraná,Pet 2L,12,7.2,https://xiahufkvflyuvzhuhwpm.supabase.co/storage/v1/object/public/imagens-cardapio/dolly_guarana-31052026111959.webp,bebidas,[],false,true,false,[],false,padrao,false,2,false,,[],,false,2026-05-29 02:17:52.336267+00,2026-05-31 14:20:03.079169+00